Category,Scenario,Gas,Gapfilled 2021,Gapfilled 2022,Gapfilled 2023,Gapfilled 2024,Gapfilled 2025,Gapfilled 2026,Gapfilled 2027,Gapfilled 2028,Gapfilled 2029,Gapfilled 2030,Gapfilled 2031,Gapfilled 2032,Gapfilled 2033,Gapfilled 2034,Gapfilled 2035,Gapfilled 2036,Gapfilled 2037,Gapfilled 2038,Gapfilled 2039,Gapfilled 2040,Gapfilled 2041,Gapfilled 2042,Gapfilled 2043,Gapfilled 2044,Gapfilled 2045,Gapfilled 2046,Gapfilled 2047,Gapfilled 2048,Gapfilled 2049,Gapfilled 2050,Reported Value 2021,Reported Value 2022,Reported Value 2023,Reported Value 2024,Reported Value 2025,Reported Value 2026,Reported Value 2027,Reported Value 2028,Reported Value 2029,Reported Value 2030,Reported Value 2031,Reported Value 2032,Reported Value 2033,Reported Value 2034,Reported Value 2035,Reported Value 2036,Reported Value 2037,Reported Value 2038,Reported Value 2039,Reported Value 2040,Reported Value 2041,Reported Value 2042,Reported Value 2043,Reported Value 2044,Reported Value 2045,Reported Value 2046,Reported Value 2047,Reported Value 2048,Reported Value 2049,Reported Value 2050
1. Energy,WAM,ESR,5571.3,5592.9,5581.5,5589.6,5516.5,5492.5,5489.1,5471.9,5395.4,5184.6,4782.1,4608.8,4438.0,4285.7,4290.9,3855.7,3807.4,3740.2,3659.5,3566.3,3505.5,3446.8,3366.5,3060.5,3085.0,2941.0,2945.6,2908.6,2866.9,2912.7,5571.31548487233,5592.92670722922,5581.52307215976,5589.64533900834,5516.50113367758,5492.45201475584,5489.08996878243,5471.90224218434,5395.38456408802,5184.63758724985,4782.09876513069,4608.77575214432,4438.04443098311,4285.74565317794,4290.87456203084,3855.66843164698,3807.3527474129,3740.18187525133,3659.48746010499,3566.33084761216,3505.54450561687,3446.75688007027,3366.50989404531,3060.54814650961,3085.03050192777,2940.99959845433,2945.61431483129,2908.62121202488,2866.90806036825,2912.73433693528
1. Energy,WAM,ETS,1443.5,1160.3,1130.1,1156.1,1200.1,1140.0,1145.2,1122.2,1142.4,1127.9,625.0,593.1,497.7,482.8,442.1,438.4,381.3,355.1,340.4,295.5,302.1,324.4,354.0,352.4,251.4,348.1,355.0,353.5,352.2,215.5,1443.54558840453,1160.33598907087,1130.06267989044,1156.11247485102,1200.14618192634,1139.95701905509,1145.18872271791,1122.2274727327,1142.39913916282,1127.93976205123,625.03256615923,593.14981531537,497.689410512009,482.800592781377,442.058872602436,438.365837272938,381.269791395326,355.083978720625,340.396819982558,295.486606364257,302.10532273628,324.408126131959,353.966649329811,352.375633463006,251.440623098735,348.057654934673,354.969680045086,353.465177653423,352.160442652612,215.462871972355
1. Energy,WAM,Total,7019.1,6756.4,6714.7,6748.9,6719.9,6635.6,6637.5,6597.4,6541.1,6315.9,5410.5,5205.3,4939.2,4772.0,4736.4,4297.6,4192.2,4098.8,4003.5,3865.5,3811.3,3774.8,3724.2,3416.6,3340.2,3292.8,3304.4,3265.9,3222.9,3132.0,7019.05857327686,6756.35824867971,6714.7157716231,6748.92742989902,6719.85430284722,6635.64734642108,6637.54719241007,6597.4272450103,6541.11034887748,6315.93319556025,5410.51627400327,5205.33960662722,4939.17697711683,4772.01847803522,4736.43476316336,4297.56220114806,4192.17707473442,4098.84699359622,4003.49202340987,3865.45180099679,3811.3061975011,3774.84339747774,3724.1769567782,3416.64621550326,3340.21558268473,3292.8189795142,3304.36298946854,3265.88265273745,3222.88203454698,3132.02800890072
1. Energy,WEM,ESR,5571.3,5592.9,5580.4,5587.2,5517.0,5481.3,5472.6,5464.6,5389.1,5185.6,4785.0,4607.2,4444.5,4288.6,4261.8,3859.8,3805.7,3733.4,3660.2,3571.4,3488.4,3423.3,3339.3,3034.1,3032.3,2949.9,2907.3,2840.1,2792.4,2680.6,5571.31548487233,5592.89895824246,5580.36737723327,5587.21550660185,5517.04094486384,5481.34712079083,5472.55278677824,5464.63861621831,5389.08110378151,5185.62322274327,4784.95329969879,4607.18978970974,4444.45872664379,4288.63202298557,4261.78211989233,3859.83527344054,3805.67380225385,3733.42320136659,3660.16413412229,3571.39192862081,3488.44916382523,3423.3300984705,3339.3058044987,3034.14599858195,3032.27341521823,2949.88181295175,2907.33785596411,2840.14871500047,2792.40895750288,2680.5888954995
1. Energy,WEM,ETS,1443.5,1160.3,1122.3,1151.6,1197.3,1147.4,1159.1,1121.0,1141.8,1120.4,624.8,605.2,506.7,496.2,493.3,460.8,392.2,356.8,377.6,360.2,358.3,356.3,429.0,428.0,424.1,423.3,420.8,419.1,417.4,415.1,1443.54558840453,1160.34166447911,1122.32242656983,1151.56422479051,1197.25144504149,1147.37028441992,1159.06138676988,1120.98445712469,1141.83979854068,1120.40372894132,624.802424825223,605.162082757898,506.69244220022,496.180851240797,493.320416366086,460.798081510813,392.223931129852,356.792338658268,377.584164230547,360.233501403418,358.326208014977,356.344219400505,429.036287230081,428.038489276073,424.109486614095,423.280586658472,420.780070190702,419.0670582381,417.408503101403,415.064237448201
1. Energy,WEM,Total,7019.1,6756.3,6705.8,6741.9,6717.5,6632.0,6634.9,6588.9,6534.2,6309.4,5413.1,5215.8,4954.6,4788.3,4758.6,4324.2,4201.5,4093.8,4041.4,3935.3,3850.4,3783.4,3772.0,3465.9,3460.1,3376.9,3331.9,3263.0,3213.6,3099.5,7019.05857327686,6756.33617510118,6705.81982337601,6741.94934743202,6717.49937714863,6631.9557178209,6634.88267445783,6588.92060343626,6534.24754794883,6309.38279794376,5413.14066723737,5215.76591163517,4954.59430446573,4788.28510630227,4758.6038647885,4324.16128717949,4201.4522693099,4093.79667964911,4041.35604167515,3935.2597770446,3850.43174098815,3783.35270914652,3772.04250513187,3465.90692338868,3460.12735949054,3376.92412573542,3331.89692074697,3263.01203629771,3213.6309921304,3099.48393294079
1.A.1. Energy industries,WAM,ESR,330.7,453.5,436.7,430.9,407.3,408.4,409.5,410.4,410.9,393.9,291.8,289.6,278.0,278.2,274.7,243.2,272.8,268.0,229.3,222.8,212.0,204.1,198.4,194.6,184.2,178.9,173.8,167.9,166.0,154.0,330.686399252373,453.463383413756,436.671887054476,430.879599117314,407.347130458719,408.360835281361,409.503514556891,410.394021136772,410.888277066562,393.930623294211,291.763112296528,289.579290994665,278.008040283119,278.181932427708,274.662720933851,243.169204969628,272.825091547922,267.961441770453,229.264725543959,222.796626869868,211.981415079813,204.078633515731,198.443756076549,194.582760442739,184.232329089466,178.92510488382,173.807613538829,167.909803615835,165.974943948507,153.995897664594
1.A.1. Energy industries,WAM,ETS,1168.1,897.3,870.2,935.4,973.1,907.9,906.5,872.1,876.1,864.9,376.7,353.7,258.0,246.9,225.9,220.4,208.9,185.1,172.3,131.8,136.8,160.4,191.3,191.0,153.5,190.1,199.1,198.9,198.8,136.5,1168.11364723956,897.34674163098,870.230236322342,935.444124808566,973.069455387686,907.853601621283,906.529698869038,872.117412346159,876.127998706646,864.883724975387,376.698736433805,353.729235370175,258.04532177773,246.872047151757,225.862040338388,220.364336126845,208.911034886934,185.137821997763,172.255142457037,131.84849722653,136.831953091919,160.447236075553,191.333203155169,191.009273285928,153.539024442157,190.084803346832,199.101082768012,198.88366148964,198.824371190452,136.529088426915
1.A.1. Energy industries,WAM,Total,1498.8,1350.8,1306.9,1366.3,1380.4,1316.2,1316.0,1282.5,1287.0,1258.8,668.5,643.3,536.1,525.1,500.5,463.5,481.7,453.1,401.5,354.6,348.8,364.5,389.8,385.6,337.8,369.0,372.9,366.8,364.8,290.5,1498.80004649193,1350.81012504474,1306.90212337682,1366.32372392588,1380.41658584641,1316.21443690264,1316.03321342593,1282.51143348293,1287.01627577321,1258.8143482696,668.461848730334,643.30852636484,536.053362060849,525.053979579465,500.524761272239,463.533541096474,481.736126434855,453.099263768216,401.519868000996,354.645124096398,348.813368171733,364.525869591285,389.776959231718,385.592033728667,337.771353531623,369.009908230652,372.90869630684,366.793465105475,364.799315138959,290.524986091509
1.A.1. Energy industries,WEM,ESR,330.7,453.5,436.0,431.3,407.3,408.6,409.8,408.7,411.1,394.1,291.9,289.9,286.7,282.6,249.4,249.5,273.7,266.2,233.8,230.4,221.0,208.6,201.7,196.9,188.4,181.3,178.4,176.0,174.0,170.5,330.686399252373,453.455494797104,436.021078834203,431.286533099994,407.325019002129,408.626801147686,409.788402781366,408.741147478661,411.096370935582,394.131503031334,291.912216510411,289.895157453153,286.728032242026,282.56812998136,249.432290752896,249.494322351671,273.669115723568,266.22300002863,233.82474356881,230.448644121384,221.040682598379,208.643616380835,201.718712846102,196.882097746454,188.382932108983,181.33770871636,178.401872409523,176.008251983826,174.04353368927,170.514867900102
1.A.1. Energy industries,WEM,ETS,1168.1,897.4,862.5,930.9,970.2,916.5,921.6,872.1,876.8,858.5,376.6,365.8,267.1,260.3,259.2,224.9,209.1,187.1,209.4,193.7,193.1,192.4,266.4,266.0,265.7,265.3,264.9,264.5,264.1,262.9,1168.11364723956,897.352417039215,862.489983001741,930.889345096643,970.187844973768,916.459265675807,921.587257498691,872.064159743726,876.766761063204,858.549700884025,376.552240804699,365.776664095896,267.069742247244,260.278015695926,259.205934254913,224.892942606936,209.127993485763,187.139703431525,209.4455567214,193.674264880012,193.066989871668,192.402396801895,266.424229836742,266.044645455042,265.664995676253,265.319300019573,264.935669822109,264.471604924951,264.068087394433,262.94204100552
1.A.1. Energy industries,WEM,Total,1498.8,1350.8,1298.5,1362.2,1377.5,1325.1,1331.4,1280.8,1287.9,1252.7,668.5,655.7,553.8,542.8,508.6,474.4,482.8,453.4,443.3,424.1,414.1,401.0,468.1,462.9,454.0,446.7,443.3,440.5,438.1,433.5,1498.80004649193,1350.80791183632,1298.51106183594,1362.17587819664,1377.5128639759,1325.08606682349,1331.37566028006,1280.80530722239,1287.86313199879,1252.68120391536,668.46445731511,655.671821549049,553.797774489269,542.846145677285,508.638225007809,474.387264958607,482.797109209331,453.362703460155,443.27030029021,424.122909001396,414.107672470046,401.04601318273,468.142942682844,462.926743201496,454.047927785237,446.657008735934,443.337542231633,440.479856908777,438.111621083702,433.456908905622
1.A.2. Manufacturing industries and construction,WAM,ESR,383.6,273.2,264.1,256.7,252.8,244.4,239.5,235.3,239.6,222.4,218.0,220.9,224.4,220.7,204.4,194.6,191.2,186.6,183.6,180.3,177.5,174.6,154.5,158.5,203.0,167.0,159.6,162.5,164.8,209.4,383.602776207655,273.214511750825,264.133483888908,256.702644781462,252.808379955444,244.379617714113,239.46372820601,235.327360585037,239.644523762358,222.389171692038,218.010791966302,220.881846741297,224.446984779106,220.652681495352,204.361777267158,194.638690312198,191.247559301982,186.582783376584,183.594161374578,180.319379900952,177.525660118306,174.56748254246,154.487291698739,158.518856622642,202.975403787243,166.965204724508,159.612557244416,162.495392718877,164.797349460445,209.365166898551
1.A.2. Manufacturing industries and construction,WAM,ETS,264.2,252.8,250.1,195.5,185.8,190.7,202.7,214.0,230.1,233.0,234.2,232.6,232.9,229.3,209.6,211.5,166.0,163.4,161.9,157.5,159.2,158.0,156.7,155.5,95.4,153.2,152.0,150.9,149.9,76.9,264.191717488007,252.81508877833,250.137030236677,195.544893684094,185.75582403914,190.712221570637,202.671072795258,214.000427849943,230.069293100028,233.021169023149,234.182698017314,232.57292004336,232.895048700256,229.266080472403,209.625565715958,211.522563793451,165.976798467851,163.374890174772,161.925290335753,157.529990847841,159.2262116201,157.984792561959,156.730725907515,155.534782291007,95.4217760914965,153.157520997111,152.030967591765,150.943920179394,149.850068564763,76.9028267038182
1.A.2. Manufacturing industries and construction,WAM,Total,647.8,526.0,514.3,452.2,438.6,435.1,442.1,449.3,469.7,455.4,452.2,453.5,457.3,449.9,414.0,406.2,357.2,350.0,345.5,337.8,336.8,332.6,311.2,314.1,298.4,320.1,311.6,313.4,314.6,286.3,647.794493695662,526.029600529155,514.270514125585,452.247538465556,438.564203994584,435.091839284751,442.134801001268,449.32778843498,469.713816862386,455.410340715187,452.193489983615,453.454766784657,457.342033479362,449.918761967756,413.987342983116,406.161254105649,357.224357769833,349.957673551356,345.519451710331,337.849370748793,336.751871738406,332.552275104419,311.218017606254,314.053638913649,298.39717987874,320.122725721618,311.643524836181,313.439312898271,314.647418025208,286.267993602369
1.A.2. Manufacturing industries and construction,WEM,ESR,383.6,273.2,264.1,256.8,252.9,244.3,239.4,235.3,239.7,222.4,218.0,221.0,224.5,220.7,202.2,194.6,191.2,186.6,183.6,180.3,177.5,174.6,150.2,151.8,160.7,160.4,163.6,166.7,164.7,156.2,383.602776207655,273.223892709528,264.133483888908,256.77142710597,252.861560396049,244.311860815859,239.38064281019,235.32775607669,239.727036319895,222.389593433388,218.010494792442,220.960221694246,224.525335386435,220.731007757062,202.150062388778,194.628239994075,191.241392460136,186.646219841984,183.59420013831,180.333568942996,177.525640327087,174.633155654981,150.202104342799,151.767493141181,160.736305484512,160.438010838355,163.574804861531,166.735980249269,164.733027894065,156.200135776791
1.A.2. Manufacturing industries and construction,WEM,ETS,264.2,252.8,250.1,195.5,185.8,189.5,201.5,212.8,228.9,231.9,234.2,232.6,232.9,229.3,227.6,229.5,176.7,163.4,161.9,160.5,159.2,158.0,156.7,156.2,154.4,153.2,152.0,150.9,149.9,148.7,264.191717488007,252.81508877833,250.137030236677,195.549299983433,185.767487464211,189.53814999871,201.492847900567,212.840531662102,228.895221528101,231.861272835307,234.182698017314,232.57292004336,232.895048700256,229.266080472403,227.569018875401,229.451841568809,176.718377058053,163.378101164685,161.925290335753,160.45498308194,159.2262116201,157.984792561959,156.730725907515,156.183654716263,154.362288693649,153.153432242718,152.030967591765,150.943920179394,149.850068564763,148.749412747871
1.A.2. Manufacturing industries and construction,WEM,Total,647.8,526.0,514.3,452.3,438.6,433.9,440.9,448.2,468.6,454.3,452.2,453.5,457.4,450.0,429.7,424.1,368.0,350.0,345.5,340.8,336.8,332.6,306.9,308.0,315.1,313.6,315.6,317.7,314.6,304.9,647.794493695662,526.038981487858,514.270514125585,452.320727089404,438.62904786026,433.850010814569,440.873490710756,448.168287738791,468.622257847996,454.250866268696,452.193192809755,453.533141737606,457.420384086692,449.997088229465,429.71908126418,424.080081562884,367.959769518189,350.024321006669,345.519490474063,340.788552024936,336.751851947187,332.617948216939,306.932830250315,307.951147857445,315.098594178161,313.591443081073,315.605772453296,317.679900428663,314.583096458828,304.949548524661
1.A.3. Transport,WAM,ESR,3201.7,3192.0,3229.8,3292.5,3281.0,3291.2,3305.3,3325.8,3274.4,3163.0,3030.1,2873.0,2744.1,2619.9,2657.0,2308.4,2282.6,2264.4,2233.8,2179.9,2146.1,2110.8,2066.3,1781.8,1786.8,1735.2,1707.3,1679.0,1629.5,1590.0,3201.70056961468,3192.0287351334,3229.84897095627,3292.49002320432,3281.03013003375,3291.18835652561,3305.32902611639,3325.8322264516,3274.37845535703,3163.00750907366,3030.14746117238,2873.02971591614,2744.10617512389,2619.94172312341,2656.96711497529,2308.44309765229,2282.56529261888,2264.44283918844,2233.7854312456,2179.93973830777,2146.05116281213,2110.77563901201,2066.30502955336,1781.79832265329,1786.8188106177,1735.19573299415,1707.32267152368,1678.95632676128,1629.53488152523,1590.04700007207
1.A.3. Transport,WAM,Total,3205.9,3195.1,3233.0,3295.7,3284.2,3294.4,3308.6,3329.1,3277.7,3166.4,3033.5,2876.4,2747.5,2623.4,2660.5,2312.0,2286.1,2268.0,2237.4,2183.6,2149.7,2114.5,2070.0,1785.5,1790.6,1739.0,1711.1,1682.8,1633.3,1593.9,3205.89806961468,3195.12428751302,3232.97899052917,3295.65963924398,3284.23711727705,3294.42666913576,3308.59752702612,3329.12975654486,3277.70510098367,3166.36335533283,3033.53240388573,2876.44375508367,2747.5493107456,2623.41395519931,2660.46844350537,2311.97102988043,2286.11982854508,2268.0239788127,2237.39317456791,2183.57408532814,2149.70753196007,2114.45403028752,2070.00544295644,1785.52075818394,1790.56326827592,1738.95745911934,1711.10166611585,1682.75258982042,1633.34841305134,1593.87780006515
1.A.3. Transport,WEM,ESR,3201.7,3192.0,3229.8,3292.5,3281.0,3291.1,3305.9,3326.0,3273.5,3161.7,3029.9,2872.1,2743.5,2619.9,2656.3,2308.2,2282.3,2264.1,2232.7,2179.0,2145.3,2111.0,2063.9,1781.2,1784.9,1734.8,1707.4,1679.0,1629.8,1590.2,3201.70056961468,3191.95058094932,3229.76128265177,3292.52642806476,3280.97819437321,3291.13462514544,3305.89868740104,3326.00756871113,3273.49046500207,3161.70959336574,3029.85890670859,2872.08107383129,2743.50196859372,2619.92558014686,2656.34724684027,2308.23027761951,2282.25029314951,2264.138110971,2232.72730877724,2178.99992503082,2145.31166577103,2110.96929530285,2063.85957094996,1781.15372116289,1784.90078571744,1734.79072012215,1707.42545563741,1679.0393284244,1629.7544269581,1590.23683090749
1.A.3. Transport,WEM,Total,3205.9,3195.0,3232.9,3295.7,3284.2,3294.4,3309.2,3329.3,3276.8,3165.1,3033.2,2875.5,2746.9,2623.4,2659.8,2311.8,2285.8,2267.7,2236.3,2182.6,2149.0,2114.6,2067.6,1784.9,1788.6,1738.6,1711.2,1682.8,1633.6,1594.1,3205.89806961468,3195.04613332894,3232.89130222468,3295.69604410441,3284.18518161652,3294.37293775559,3309.16718831076,3329.30509880439,3276.8171106287,3165.06543962491,3033.24384942194,2875.49511299882,2746.94510421543,2623.39781222275,2659.84857537035,2311.75820984765,2285.80482907571,2267.71925059525,2236.33505209956,2182.6342720512,2148.96803491897,2114.64768657836,2067.55998435305,1784.87615669354,1788.64524337566,1738.55244624734,1711.20445022957,1682.83559148354,1633.56795848421,1594.06763090057
1.A.3.a. Domestic aviation,WAM,ESR,0.0,0.0,0.0,0.0,0.0,0.0,0.0,0.0,0.0,0.0,0.0,0.0,0.0,0.0,0.0,0.0,0.0,0.0,0.0,0.0,0.0,0.0,0.0,0.0,0.0,0.0,0.0,0.0,0.0,0.0,0.0320960000000001,0.0236700057596773,0.0239335576443236,0.0242363302939173,0.0245220875666501,0.0247616156129453,0.0249924491241158,0.025214419505255,0.0254370501566346,0.0256603315150437,0.0258828162782159,0.0261053010413881,0.0263277858045603,0.026550270567733,0.0267727553309052,0.0269761793435084,0.027179603356112,0.0273830273687152,0.0275864513813189,0.0277898753939221,0.0279582666283367,0.0281266578627513,0.0282950490971659,0.0284634403315804,0.028631831565995,0.0287638741427609,0.0288959167195269,0.0290279592962928,0.0291600018730587,0.0292920444498246
1.A.3.a. Domestic aviation,WAM,Total,4.2,3.1,3.2,3.2,3.2,3.3,3.3,3.3,3.4,3.4,3.4,3.4,3.5,3.5,3.5,3.6,3.6,3.6,3.6,3.7,3.7,3.7,3.7,3.8,3.8,3.8,3.8,3.8,3.8,3.9,4.229596,3.1192223853785,3.15395313055207,3.19385236994734,3.23150933086843,3.2630742257618,3.29349335884731,3.32274451276633,3.35208267679151,3.38150659068736,3.41082552963224,3.44014446857711,3.46946340752199,3.49878234646685,3.52810128541173,3.55490840748336,3.58171552955501,3.60852265162664,3.63532977369828,3.66213689576992,3.68432741457335,3.70651793337678,3.72870845218021,3.75089897098365,3.77308948978708,3.79048999933714,3.80789050888721,3.82529101843727,3.84269152798733,3.86009203753739
1.A.3.a. Domestic aviation,WEM,ESR,0.0,0.0,0.0,0.0,0.0,0.0,0.0,0.0,0.0,0.0,0.0,0.0,0.0,0.0,0.0,0.0,0.0,0.0,0.0,0.0,0.0,0.0,0.0,0.0,0.0,0.0,0.0,0.0,0.0,0.0,0.0320960000000001,0.0236700057596773,0.0239335576443236,0.0242363302939173,0.0245220875666501,0.0247616156129453,0.0249924491241158,0.025214419505255,0.0254370501566346,0.0256603315150437,0.0258828162782159,0.0261053010413881,0.0263277858045603,0.026550270567733,0.0267727553309052,0.0269761793435084,0.027179603356112,0.0273830273687152,0.0275864513813189,0.0277898753939221,0.0279582666283367,0.0281266578627513,0.0282950490971659,0.0284634403315804,0.028631831565995,0.0287638741427609,0.0288959167195269,0.0290279592962928,0.0291600018730587,0.0292920444498246
1.A.3.a. Domestic aviation,WEM,Total,4.2,3.1,3.2,3.2,3.2,3.3,3.3,3.3,3.4,3.4,3.4,3.4,3.5,3.5,3.5,3.6,3.6,3.6,3.6,3.7,3.7,3.7,3.7,3.8,3.8,3.8,3.8,3.8,3.8,3.9,4.229596,3.1192223853785,3.15395313055207,3.19385236994734,3.23150933086843,3.2630742257618,3.29349335884731,3.32274451276633,3.35208267679151,3.38150659068736,3.41082552963224,3.44014446857711,3.46946340752199,3.49878234646685,3.52810128541173,3.55490840748336,3.58171552955501,3.60852265162664,3.63532977369828,3.66213689576992,3.68432741457335,3.70651793337678,3.72870845218021,3.75089897098365,3.77308948978708,3.79048999933714,3.80789050888721,3.82529101843727,3.84269152798733,3.86009203753739
1.A.3.b. Road transportation,WAM,ESR,3108.4,3093.3,3130.3,3192.0,3178.6,3188.2,3202.6,3221.9,3167.5,3055.5,2921.9,2764.2,2634.6,2509.8,2549.5,2197.1,2174.1,2155.5,2124.4,2070.0,2035.7,2000.1,1955.2,1666.7,1671.4,1619.5,1591.4,1562.8,1513.1,1477.0,3108.44759051922,3093.32256970064,3130.32690267172,3191.97472292419,3178.5721198517,3188.23437375795,3202.60473228607,3221.87587717524,3167.45896691092,3055.45075339085,2921.94072933235,2764.18430303897,2634.62208120958,2509.81894817196,2549.54226482769,2197.1170731576,2174.14845301416,2155.46556094973,2124.4139063246,2069.98611448568,2035.66965776287,2000.05701920831,1955.23835086094,1666.71201990493,1671.38656413126,1619.49983172561,1591.38645965485,1562.77982804532,1513.14153515662,1477.04964111488
1.A.3.b. Road transportation,WAM,Total,3108.4,3093.3,3130.3,3192.0,3178.6,3188.2,3202.6,3221.9,3167.5,3055.5,2921.9,2764.2,2634.6,2509.8,2549.5,2197.1,2174.1,2155.5,2124.4,2070.0,2035.7,2000.1,1955.2,1666.7,1671.4,1619.5,1591.4,1562.8,1513.1,1477.0,3108.44759051922,3093.32256970064,3130.32690267172,3191.97472292419,3178.5721198517,3188.23437375795,3202.60473228607,3221.87587717524,3167.45896691092,3055.45075339085,2921.94072933235,2764.18430303897,2634.62208120958,2509.81894817196,2549.54226482769,2197.1170731576,2174.14845301416,2155.46556094973,2124.4139063246,2069.98611448568,2035.66965776287,2000.05701920831,1955.23835086094,1666.71201990493,1671.38656413127,1619.49983172561,1591.38645965485,1562.77982804532,1513.14153515662,1477.04964111488
1.A.3.b. Road transportation,WEM,ESR,3108.4,3093.2,3130.2,3192.0,3178.5,3188.1,3203.2,3221.9,3166.6,3054.2,2921.7,2763.2,2634.0,2509.8,2548.9,2196.9,2173.8,2155.2,2123.4,2069.0,2034.9,2000.3,1952.8,1666.1,1669.5,1619.1,1591.5,1562.9,1513.3,1477.2,3108.44759051922,3093.24450526396,3130.23930567997,3192.03422435571,3178.4645725687,3188.12494529622,3203.19749014181,3221.94457329746,3166.57097655595,3054.15283768293,2921.65217486857,2763.23566095412,2634.01787467941,2509.80280519541,2548.92234730319,2196.90425312481,2173.83319343465,2155.16057390886,2123.35552725288,2069.04612473076,2034.92998583744,2000.25050217777,1952.79731571437,1666.07905695254,1669.46853923101,1619.0948188536,1591.47755980108,1562.87452555252,1513.34937286884,1477.22810980102
1.A.3.b. Road transportation,WEM,Total,3108.4,3093.2,3130.2,3192.0,3178.5,3188.1,3203.2,3221.9,3166.6,3054.2,2921.7,2763.2,2634.0,2509.8,2548.9,2196.9,2173.8,2155.2,2123.4,2069.0,2034.9,2000.3,1952.8,1666.1,1669.5,1619.1,1591.5,1562.9,1513.3,1477.2,3108.44759051922,3093.24450526396,3130.23930567997,3192.03422435571,3178.4645725687,3188.12494529622,3203.19749014181,3221.94457329746,3166.57097655595,3054.15283768293,2921.65217486857,2763.23566095412,2634.01787467941,2509.80280519541,2548.92234730319,2196.90425312481,2173.83319343465,2155.16057390886,2123.35552725288,2069.04612473076,2034.92998583744,2000.25050217777,1952.79731571437,1666.07905695254,1669.46853923101,1619.0948188536,1591.47755980108,1562.87452555252,1513.34937286884,1477.22810980102
1.A.3.c. Railways,WAM,ESR,84.5,85.4,86.1,86.9,88.7,89.0,88.7,89.8,92.6,93.1,93.6,94.2,94.7,95.2,92.4,96.1,93.1,93.6,93.8,94.3,94.6,94.9,95.1,99.1,99.3,99.5,99.7,99.8,100.0,96.5,84.4689668,85.3859560162004,86.0535460060784,86.8763937973246,88.6582948361695,89.0194738872859,88.6598842333893,89.7670266569648,92.6048812395898,93.1164977061472,93.6412713742942,94.1547499223647,94.668228470435,95.1817070185052,92.3585797255785,96.1452779514798,93.1216169403047,93.5675794530821,93.8473500141665,94.3149727940535,94.6480924681837,94.8904456695772,95.1437430052618,99.0686055081618,99.3197876931852,99.5091359967833,99.6751401185565,99.8411204871665,99.9836616612984,96.513367771362
1.A.3.c. Railways,WAM,Total,84.5,85.4,86.1,86.9,88.7,89.0,88.7,89.8,92.6,93.1,93.6,94.2,94.7,95.2,92.4,96.1,93.1,93.6,93.8,94.3,94.6,94.9,95.1,99.1,99.3,99.5,99.7,99.8,100.0,96.5,84.4689668,85.3859560162004,86.0535460060784,86.8763937973246,88.6582948361695,89.0194738872859,88.6598842333893,89.7670266569648,92.6048812395898,93.1164977061472,93.6412713742942,94.1547499223647,94.6682284704349,95.1817070185052,92.3585797255785,96.1452779514798,93.1216169403047,93.5675794530821,93.8473500141665,94.3149727940535,94.6480924681837,94.8904456695772,95.1437430052618,99.0686055081618,99.3197876931852,99.5091359967833,99.6751401185565,99.8411204871665,99.9836616612984,96.513367771362
1.A.3.c. Railways,WEM,ESR,84.5,85.4,86.1,86.9,88.7,89.1,88.6,89.9,92.6,93.1,93.6,94.2,94.7,95.2,92.4,96.1,93.1,93.6,93.8,94.3,94.6,94.9,95.1,99.1,99.3,99.5,99.7,99.8,100.0,96.5,84.4689668,85.3858662687973,86.0534546933264,86.8532972262307,88.7139064586317,89.0751709688432,88.6367876622955,89.8736727942701,92.6048812395898,93.1164977061472,93.6412713742942,94.1547499223647,94.668228470435,95.1817070185052,92.3586291150677,96.1452779514798,93.1218770504444,93.5678382765096,93.8476066175333,94.3151492720337,94.6482673525164,94.8906189909595,95.1393195484307,99.0569669701505,99.3197876931852,99.5091359967833,99.6868240860506,99.8294246430908,99.9953693819558,96.5247299206446
1.A.3.c. Railways,WEM,Total,84.5,85.4,86.1,86.9,88.7,89.1,88.6,89.9,92.6,93.1,93.6,94.2,94.7,95.2,92.4,96.1,93.1,93.6,93.8,94.3,94.6,94.9,95.1,99.1,99.3,99.5,99.7,99.8,100.0,96.5,84.4689668,85.3858662687973,86.0534546933264,86.8532972262307,88.7139064586317,89.0751709688432,88.6367876622955,89.8736727942701,92.6048812395898,93.1164977061472,93.6412713742942,94.1547499223647,94.6682284704349,95.1817070185052,92.3586291150677,96.1452779514798,93.1218770504444,93.5678382765096,93.8476066175333,94.3151492720337,94.6482673525164,94.8906189909595,95.1393195484307,99.0569669701505,99.3197876931852,99.5091359967833,99.6868240860506,99.8294246430908,99.9953693819558,96.5247299206446
1.A.3.d. Domestic navigation,WAM,ESR,8.8,13.3,13.4,13.6,13.8,13.9,14.0,14.2,14.3,14.4,14.5,14.7,14.8,14.9,15.0,15.2,15.3,15.4,15.5,15.6,15.7,15.8,15.9,16.0,16.1,16.2,16.2,16.3,16.4,16.5,8.75191629545455,13.2965394107999,13.444588720824,13.614670152519,13.7751932583178,13.9097472647634,14.0394171478118,14.1641081998889,14.2891701563656,14.414597645143,14.5395776494513,14.6645576537598,14.7895376580681,14.9145176623764,15.0394976666848,15.1537703638758,15.2680430610667,15.3823157582577,15.4965884554486,15.6108611526397,15.7054543144479,15.8000474762561,15.8946406380643,15.9892337998726,16.0838269616807,16.1580013976187,16.2321758335566,16.3063502694946,16.3805247054325,16.4546991413705
1.A.3.d. Domestic navigation,WAM,Total,8.8,13.3,13.4,13.6,13.8,13.9,14.0,14.2,14.3,14.4,14.5,14.7,14.8,14.9,15.0,15.2,15.3,15.4,15.5,15.6,15.7,15.8,15.9,16.0,16.1,16.2,16.2,16.3,16.4,16.5,8.75191629545455,13.2965394107999,13.444588720824,13.614670152519,13.7751932583178,13.9097472647634,14.0394171478118,14.1641081998889,14.2891701563656,14.414597645143,14.5395776494513,14.6645576537598,14.7895376580681,14.9145176623764,15.0394976666848,15.1537703638758,15.2680430610667,15.3823157582577,15.4965884554486,15.6108611526397,15.7054543144479,15.8000474762561,15.8946406380643,15.9892337998726,16.0838269616807,16.1580013976187,16.2321758335566,16.3063502694946,16.3805247054325,16.4546991413705
1.A.3.d. Domestic navigation,WEM,ESR,8.8,13.3,13.4,13.6,13.8,13.9,14.0,14.2,14.3,14.4,14.5,14.7,14.8,14.9,15.0,15.2,15.3,15.4,15.5,15.6,15.7,15.8,15.9,16.0,16.1,16.2,16.2,16.3,16.4,16.5,8.75191629545455,13.2965394107999,13.444588720824,13.614670152519,13.7751932583178,13.9097472647634,14.0394171478118,14.1641081998889,14.2891701563656,14.414597645143,14.5395776494513,14.6645576537598,14.7895376580681,14.9145176623764,15.0394976666848,15.1537703638758,15.2680430610667,15.3823157582577,15.4965884554486,15.6108611526397,15.7054543144479,15.8000474762561,15.8946406380643,15.9892337998726,16.0838269616807,16.1580013976187,16.2321758335566,16.3063502694946,16.3805247054325,16.4546991413705
1.A.3.d. Domestic navigation,WEM,Total,8.8,13.3,13.4,13.6,13.8,13.9,14.0,14.2,14.3,14.4,14.5,14.7,14.8,14.9,15.0,15.2,15.3,15.4,15.5,15.6,15.7,15.8,15.9,16.0,16.1,16.2,16.2,16.3,16.4,16.5,8.75191629545455,13.2965394107999,13.444588720824,13.614670152519,13.7751932583178,13.9097472647634,14.0394171478118,14.1641081998889,14.2891701563656,14.414597645143,14.5395776494513,14.6645576537598,14.7895376580681,14.9145176623764,15.0394976666848,15.1537703638758,15.2680430610667,15.3823157582577,15.4965884554486,15.6108611526397,15.7054543144479,15.8000474762561,15.8946406380643,15.9892337998726,16.0838269616807,16.1580013976187,16.2321758335566,16.3063502694946,16.3805247054325,16.4546991413705
1.A.4. Other sectors,WAM,ESR,1546.3,1578.9,1561.9,1514.0,1479.9,1456.0,1443.0,1410.0,1380.2,1318.0,1183.1,1166.7,1137.3,1113.8,1103.4,1060.1,1012.5,975.5,968.2,943.4,929.8,917.1,907.0,885.4,870.2,821.2,863.6,857.8,864.3,914.8,1546.2692345224,1578.89948753624,1561.92619815099,1513.9786998612,1479.89060578666,1456.04671822708,1443.0228430492,1410.01846938373,1380.20774190873,1318.01146470829,1183.1379821443,1166.67248616251,1137.25768327062,1113.79323620119,1103.41102243175,1060.13381838041,1012.49621486343,975.516660737625,968.161645439586,943.411060111111,929.757542008215,917.10639940166,907.045091118249,885.379574515062,870.248765897984,821.243142239576,863.624555963242,857.820914613224,864.318273225765,914.765027796564
1.A.4. Other sectors,WAM,ETS,11.2,10.2,9.7,25.1,41.3,41.4,36.0,36.1,36.2,30.0,14.2,6.8,6.7,6.7,6.6,6.5,6.4,6.6,6.2,6.1,6.0,6.0,5.9,5.8,2.5,4.8,3.8,3.6,3.5,2.0,11.240223676965,10.174158661561,9.69541333141551,25.1234563583651,41.3209024995128,41.3911958631705,35.9879510536188,36.1096325365943,36.201847356143,30.0348680526943,14.1511317081111,6.84765990183558,6.74904003402305,6.66246515721627,6.57126654808969,6.47893735264155,6.3819580405411,6.57126654808969,6.2163871897678,6.10811828988535,6.04715802425986,5.97609749444703,5.90272026712707,5.83157788607114,2.47982256508089,4.81533059073038,3.83762968531017,3.63759598438944,3.48600289739717,2.0309568416214
1.A.4. Other sectors,WAM,Total,1557.5,1589.1,1571.6,1539.1,1521.2,1497.4,1479.0,1446.1,1416.4,1348.0,1197.3,1173.5,1144.0,1120.5,1110.0,1066.6,1018.9,982.1,974.4,949.5,935.8,923.1,912.9,891.2,872.7,826.1,867.5,861.5,867.8,916.8,1557.50945819936,1589.0736461978,1571.62161148241,1539.10215621957,1521.21150828617,1497.43791409025,1479.01079410281,1446.12810192033,1416.40958926487,1348.04633276098,1197.28911385241,1173.52014606435,1144.00672330464,1120.45570135841,1109.98228897984,1066.61275573305,1018.87817290397,982.087927285714,974.378032629354,949.519178400997,935.804700032475,923.082496896107,912.947811385376,891.211152401133,872.728588463065,826.058472830307,867.462185648552,861.458510597614,867.804276123162,916.795984638186
1.A.4. Other sectors,WEM,ESR,1546.3,1578.9,1561.9,1511.2,1480.4,1445.3,1426.3,1404.5,1374.5,1320.1,1186.1,1165.1,1135.1,1111.7,1101.6,1057.9,1010.4,971.0,963.7,938.8,903.0,888.3,881.1,861.7,854.9,830.7,815.4,776.4,782.2,722.7,1546.2692345224,1578.92455653576,1561.87517021066,1511.18124213867,1480.42629489998,1445.29036962613,1426.30214487442,1404.45570726067,1374.54452350892,1320.13882756589,1186.05467090356,1165.10413527501,1135.13040520769,1111.66877911437,1101.6087842674,1057.94205723217,1010.42336630218,971.03519503357,963.69790541106,938.813498945872,903.013615553469,888.310684117806,881.129131311163,861.678946160799,854.875053401181,830.651632904266,815.428312419482,776.383642292007,782.181367167613,722.744471593183
1.A.4. Other sectors,WEM,ETS,11.2,10.2,9.7,25.1,41.3,41.4,36.0,36.1,36.2,30.0,14.1,6.8,6.7,6.6,6.5,6.5,6.4,6.3,6.2,6.1,6.0,6.0,5.9,5.8,4.1,4.8,3.8,3.7,3.5,3.4,11.240223676965,10.174158661561,9.69541333141551,25.1255797104385,41.2961126035151,41.3728687454016,35.9812813706176,36.0797657188632,36.1778159493799,29.9927552219869,14.06748600321,6.81249861864258,6.72765125271993,6.63675507246731,6.5454632357714,6.45329733506805,6.37756058603574,6.27453406205808,6.21331717339406,6.10425344146589,6.03300652320858,5.95703003665117,5.88133148582395,5.81018910476802,4.08220224419237,4.807854396181,3.81343277682776,3.65153313375491,3.49034714220739,3.37278369480955
1.A.4. Other sectors,WEM,Total,1557.5,1589.1,1571.6,1536.3,1521.7,1486.7,1462.3,1440.5,1410.7,1350.1,1200.1,1171.9,1141.9,1118.3,1108.2,1064.4,1016.8,977.3,969.9,944.9,909.0,894.3,887.0,867.5,859.0,835.5,819.2,780.0,785.7,726.1,1557.50945819936,1589.09871519732,1571.57058354208,1536.3068218491,1521.7224075035,1486.66323837153,1462.28342624503,1440.53547297953,1410.7223394583,1350.13158278787,1200.12215690677,1171.91663389365,1141.85805646041,1118.30553418684,1108.15424750318,1064.39535456724,1016.80092688821,977.309729095628,969.911222584454,944.917752387337,909.046622076678,894.267714154457,887.010462796988,867.489135265567,858.957255645373,835.459487300447,819.241745196309,780.035175425762,785.67171430982,726.117255287993
1.B. Fugitive emissions from fuels,WAM,ESR,109.1,95.3,88.9,95.6,95.4,92.5,91.8,90.3,90.3,87.3,59.0,58.6,54.2,53.2,51.5,49.3,48.2,45.7,44.7,39.9,40.2,40.2,40.2,40.3,40.8,38.7,41.2,41.4,42.3,44.6,109.056505275226,95.3205893949976,88.9425321091151,95.5943720440387,95.4248874430002,92.4764870076693,91.7708568539414,90.3301646272025,90.2655659933443,87.2988184816529,59.0394175511835,58.6124123297009,54.2255475263765,53.1760799302789,51.4719264227979,49.2836203324519,48.2185890806847,45.6781501782292,44.6814965012718,39.8640424224581,40.2287255984095,40.2287255984095,40.2287255984095,40.2686322758706,40.755192535381,38.6704136122788,41.2469165611175,41.4387743156625,42.282612208309,44.5612445035061
1.B. Fugitive emissions from fuels,WAM,Total,109.1,95.3,88.9,95.6,95.4,92.5,91.8,90.3,90.3,87.3,59.0,58.6,54.2,53.2,51.5,49.3,48.2,45.7,44.7,39.9,40.2,40.2,40.2,40.3,40.8,38.7,41.2,41.4,42.3,44.6,109.056505275226,95.3205893949976,88.9425321091151,95.5943720440387,95.4248874430002,92.4764870076693,91.7708568539414,90.3301646272025,90.2655659933443,87.2988184816529,59.0394175511835,58.6124123297009,54.2255475263765,53.1760799302789,51.4719264227979,49.2836203324519,48.2185890806847,45.6781501782292,44.6814965012718,39.8640424224581,40.2287255984095,40.2287255984095,40.2287255984095,40.2686322758706,40.755192535381,38.6704136122788,41.2469165611175,41.4387743156625,42.282612208309,44.5612445035061
1.B. Fugitive emissions from fuels,WEM,ESR,109.1,95.3,88.6,95.4,95.4,92.0,91.2,90.1,90.2,87.3,59.1,59.1,54.6,53.7,52.2,49.5,48.1,45.4,46.3,42.8,41.6,40.8,42.4,42.7,43.4,42.7,42.5,42.0,41.7,40.9,109.056505275227,95.3444332507447,88.5763616477296,95.449876192462,95.4498761924623,91.983464055717,91.1829089112213,90.1064366911618,90.222708015045,87.253705346928,59.1170107837899,59.1492014560469,54.5729852139169,53.7385259859234,52.2437356429824,49.5403762431152,48.0896346184603,45.380675491408,46.31997622687,42.7962915797278,41.5575595752657,40.7733470140264,42.3962850486741,42.6637403706229,43.3783385061099,42.6637403706229,42.5074106361634,41.9815120509658,41.6966017938355,40.8925893219377
1.B. Fugitive emissions from fuels,WEM,Total,109.1,95.3,88.6,95.4,95.4,92.0,91.2,90.1,90.2,87.3,59.1,59.1,54.6,53.7,52.2,49.5,48.1,45.4,46.3,42.8,41.6,40.8,42.4,42.7,43.4,42.7,42.5,42.0,41.7,40.9,109.056505275227,95.3444332507447,88.5763616477296,95.449876192462,95.4498761924623,91.983464055717,91.1829089112213,90.1064366911618,90.222708015045,87.253705346928,59.1170107837899,59.1492014560469,54.5729852139169,53.7385259859234,52.2437356429824,49.5403762431152,48.0896346184603,45.380675491408,46.31997622687,42.7962915797278,41.5575595752657,40.7733470140264,42.3962850486741,42.6637403706229,43.3783385061099,42.6637403706229,42.5074106361634,41.9815120509658,41.6966017938355,40.8925893219377
2. Industrial processes,WAM,ESR,312.3,302.6,310.9,301.9,282.9,264.9,262.6,251.1,237.8,222.5,247.4,216.1,201.1,193.5,192.7,186.4,184.6,182.6,179.4,177.7,176.2,173.3,172.1,169.7,168.0,166.3,164.8,163.4,162.1,160.7,312.296173381381,302.58620098991,310.875158532755,301.906407629428,282.941076465386,264.933927548205,262.559365129128,251.128527271804,237.805629373532,222.526413055196,247.354861524913,216.117402892558,201.112963934982,193.527894241906,192.733824838417,186.40328156219,184.585934393923,182.597652295821,179.383085772672,177.734109584882,176.160326686907,173.33647845675,172.052947489458,169.684210351784,168.007680759426,166.334149782378,164.813678736433,163.42129270656,162.07133104,160.66786139089
2. Industrial processes,WAM,ETS,547.7,541.8,547.5,554.4,561.2,567.1,572.4,577.8,581.5,585.3,589.0,592.8,596.5,600.2,603.9,607.4,610.8,614.0,617.0,619.9,622.6,625.1,627.5,629.6,631.7,633.5,635.2,636.7,638.0,639.2,547.702841568154,541.751023807208,547.46247991584,554.400606896676,561.197747470116,567.062279833373,572.402654225828,577.753403233831,581.517184038614,585.272608336775,589.019223164821,592.756575100735,596.484210378185,600.201675001617,603.908514862207,607.446927039092,610.816156770809,614.015649972003,617.045050894993,619.904199443568,622.593128154402,625.112058862058,627.461399064073,629.641738003026,631.653842482855,633.498652436964,635.177276265881,636.690985962368,638.041212041958,639.229538296907
2. Industrial processes,WAM,Total,860.0,844.3,858.3,856.3,844.1,832.0,835.0,828.9,819.3,807.8,836.4,808.9,797.6,793.7,796.6,793.9,795.4,796.6,796.4,797.6,798.8,798.4,799.5,799.3,799.7,799.8,800.0,800.1,800.1,799.9,859.999014949535,844.337224797118,858.337638448595,856.307014526104,844.138823935502,831.996207381578,834.962019354956,828.881930505635,819.322813412146,807.799021391972,836.374084689734,808.873977993293,797.597174313166,793.729569243524,796.642339700625,793.850208601282,795.402091164732,796.613302267824,796.428136667665,797.63830902845,798.753454841309,798.448537318808,799.514346553531,799.32594835481,799.661523242282,799.832802219342,799.990955002313,800.112278668927,800.112543081958,799.897399687797
2. Industrial processes,WEM,ESR,312.3,302.6,310.9,301.9,282.9,264.9,262.6,251.1,237.8,222.5,247.4,216.1,201.1,193.5,192.7,186.4,184.6,182.6,179.4,177.7,176.2,173.3,172.1,169.7,168.0,166.3,164.8,163.4,162.1,160.7,312.296173381381,302.58620098991,310.875158532755,301.906407629428,282.941076465386,264.933927548205,262.559365129128,251.128527271804,237.805629373532,222.526413055196,247.354861524913,216.117402892558,201.112963934982,193.527894241906,192.733824838417,186.40328156219,184.585934393923,182.597652295821,179.383085772672,177.734109584882,176.160326686907,173.33647845675,172.052947489458,169.684210351784,168.007680759426,166.334149782378,164.813678736433,163.42129270656,162.07133104,160.66786139089
2. Industrial processes,WEM,ETS,547.7,541.8,547.5,554.4,561.2,567.1,572.4,577.8,581.5,585.3,589.0,592.8,596.5,600.2,603.9,607.4,610.8,614.0,617.0,619.9,622.6,625.1,627.5,629.6,631.7,633.5,635.2,636.7,638.0,639.2,547.702841568154,541.751023807208,547.46247991584,554.400606896676,561.197747470116,567.062279833373,572.402654225828,577.753403233831,581.517184038614,585.272608336775,589.019223164821,592.756575100735,596.484210378185,600.201675001617,603.908514862207,607.446927039092,610.816156770809,614.015649972003,617.045050894993,619.904199443568,622.593128154402,625.112058862058,627.461399064073,629.641738003026,631.653842482855,633.498652436964,635.177276265881,636.690985962368,638.041212041958,639.229538296907
2. Industrial processes,WEM,Total,860.0,844.3,858.3,856.3,844.1,832.0,835.0,828.9,819.3,807.8,836.4,808.9,797.6,793.7,796.6,793.9,795.4,796.6,796.4,797.6,798.8,798.4,799.5,799.3,799.7,799.8,800.0,800.1,800.1,799.9,859.999014949535,844.337224797118,858.337638448595,856.307014526104,844.138823935502,831.996207381578,834.962019354956,828.881930505635,819.322813412146,807.799021391972,836.374084689734,808.873977993293,797.597174313166,793.729569243524,796.642339700625,793.850208601282,795.402091164732,796.613302267824,796.428136667665,797.63830902845,798.753454841309,798.448537318808,799.514346553531,799.32594835481,799.661523242282,799.832802219342,799.990955002313,800.112278668927,800.112543081958,799.897399687797
3. Agriculture,WAM,ESR,2246.4,2239.0,2170.9,2141.7,2120.7,2104.7,2087.0,2072.9,2058.9,2045.0,2038.3,2031.1,2024.0,2016.8,2009.7,2009.5,2009.4,2009.3,2009.1,2009.0,2009.0,2008.9,2008.9,2008.9,2008.8,2008.8,2008.7,2008.7,2008.6,2008.6,2246.36637993046,2238.99532195227,2170.88796683318,2141.68366471061,2120.74396158867,2104.72814972664,2086.98869321432,2072.94015330312,2058.94134469364,2044.99226738589,2038.28940328913,2031.13356843019,2023.97773357126,2016.82189871232,2009.66606385338,2009.53653982044,2009.4070157875,2009.27749175456,2009.14796772162,2009.01844368868,2008.97716801557,2008.93589234245,2008.89461666934,2008.85334099623,2008.81206532311,2008.77078965,2008.72951397688,2008.68823830377,2008.64696263065,2008.60568695754
3. Agriculture,WAM,Total,2246.4,2239.0,2170.9,2141.7,2120.7,2104.7,2087.0,2072.9,2058.9,2045.0,2038.3,2031.1,2024.0,2016.8,2009.7,2009.5,2009.4,2009.3,2009.1,2009.0,2009.0,2008.9,2008.9,2008.9,2008.8,2008.8,2008.7,2008.7,2008.6,2008.6,2246.36637993046,2238.99532195227,2170.88796683318,2141.68366471061,2120.74396158867,2104.72814972664,2086.98869321432,2072.94015330312,2058.94134469364,2044.99226738589,2038.28940328913,2031.13356843019,2023.97773357126,2016.82189871232,2009.66606385338,2009.53653982044,2009.4070157875,2009.27749175456,2009.14796772162,2009.01844368868,2008.97716801557,2008.93589234245,2008.89461666934,2008.85334099623,2008.81206532311,2008.77078965,2008.72951397688,2008.68823830377,2008.64696263065,2008.60568695754
3. Agriculture,WEM,ESR,2246.4,2239.0,2231.6,2224.3,2216.9,2212.3,2207.8,2203.2,2198.7,2194.1,2186.5,2178.9,2171.3,2163.7,2156.1,2155.8,2155.6,2155.4,2155.2,2155.0,2154.9,2154.8,2154.7,2154.7,2154.6,2154.5,2154.4,2154.3,2154.2,2154.2,2246.36637993046,2238.99532195227,2231.62426397408,2224.25320599589,2216.8821480177,2212.33213851753,2207.78212901736,2203.23211951718,2198.68211001701,2194.13210051683,2186.51657592928,2178.90105134172,2171.28552675416,2163.67000216661,2156.05447757905,2155.84153639264,2155.62859520624,2155.41565401983,2155.20271283342,2154.98977164702,2154.90719272158,2154.82461379615,2154.74203487071,2154.65945594527,2154.57687701984,2154.4942980944,2154.41171916896,2154.32914024353,2154.24656131809,2154.16398239265
3. Agriculture,WEM,Total,2246.4,2239.0,2231.6,2224.3,2216.9,2212.3,2207.8,2203.2,2198.7,2194.1,2186.5,2178.9,2171.3,2163.7,2156.1,2155.8,2155.6,2155.4,2155.2,2155.0,2154.9,2154.8,2154.7,2154.7,2154.6,2154.5,2154.4,2154.3,2154.2,2154.2,2246.36637993046,2238.99532195227,2231.62426397408,2224.25320599589,2216.8821480177,2212.33213851753,2207.78212901736,2203.23211951718,2198.68211001701,2194.13210051683,2186.51657592928,2178.90105134172,2171.28552675416,2163.67000216661,2156.05447757905,2155.84153639264,2155.62859520624,2155.41565401983,2155.20271283342,2154.98977164702,2154.90719272158,2154.82461379615,2154.74203487071,2154.65945594527,2154.57687701984,2154.4942980944,2154.41171916896,2154.32914024353,2154.24656131809,2154.16398239265
"4. Land Use, Land-Use Change and Forestry (LULUCF, reported emissions and removals) (9)",WAM,Total,88.4,306.4,460.6,669.6,890.5,1895.4,2155.8,2484.7,2553.3,2563.9,2789.5,2799.5,2809.7,2841.3,2884.3,3175.6,3238.8,3299.0,3389.6,3345.4,3718.9,3794.0,3879.1,3964.2,4016.7,4334.1,4463.8,4585.8,4707.9,4861.5,88.3595348424055,306.403684153047,460.577552479636,669.614291538236,890.52903324585,1895.35783893801,2155.84390921761,2484.65489631163,2553.27013885023,2563.89686951219,2789.518591321,2799.5271797073,2809.67358410784,2841.28029809722,2884.3084333019,3175.56027817707,3238.76914201167,3298.96114206558,3389.55881457381,3345.39602227311,3718.87065063511,3794.03064689263,3879.07554405828,3964.21819266207,4016.72550735195,4334.14925116221,4463.84052008279,4585.77258095879,4707.89268738914,4861.52705031098
"4. Land Use, Land-Use Change and Forestry (LULUCF, reported emissions and removals) (9)",WEM,Total,88.4,306.4,634.3,984.4,1346.3,2492.2,2892.6,3220.3,3286.3,3294.6,3517.8,3523.4,3530.0,3557.3,3595.9,3882.7,3941.5,3979.7,4048.3,3982.1,4339.9,4392.5,4415.8,4439.1,4429.8,4685.4,4753.3,4875.2,4997.3,5409.2,88.3595348424055,306.403684153047,634.312788126817,984.370709887347,1346.30574582365,2492.1576412881,2892.60077416831,3220.25353794913,3286.31156127249,3294.59979313745,3517.83726185614,3523.35898375912,3530.03061409192,3557.34446604889,3595.89617209248,3882.67094447073,3941.46430607701,3979.65443353467,4048.25589462909,3982.10228569565,4339.90522720576,4392.51842257585,4415.75150178908,4439.08233244045,4429.7778291779,4685.39817062517,4753.27980262446,4875.20724364418,4997.32273021824,5409.20623927861
4.A. Forest land,WAM,Total,-2047.4,-1884.4,-1657.0,-1494.7,-1304.5,-469.0,-249.2,30.8,57.7,16.9,262.0,232.8,204.4,208.0,224.5,419.4,458.6,495.0,550.1,494.4,904.3,948.8,995.2,1042.4,1036.2,1133.0,1231.6,1331.7,1432.4,1552.9,-2047.36711242697,-1884.44995650858,-1656.99259255937,-1494.71302210012,-1304.50316985598,-469.03583753843,-249.182032407831,30.792855307914,57.683602497689,16.899417908188,261.992083740203,232.773948140927,204.409293669581,208.020250801047,224.534392939981,419.449478903219,458.577121226558,495.003731178461,550.05439695056,494.383403050819,904.307624062062,948.83612459969,995.191504770884,1042.36403147718,1036.2141437642,1132.95344046497,1231.55489157582,1331.66168373978,1432.44174087201,1552.85951459861
4.A. Forest land,WEM,Total,-2047.4,-1884.4,-1591.0,-1362.8,-1106.6,-205.2,80.6,360.6,387.5,346.7,591.8,562.6,534.2,537.8,554.3,749.2,788.4,802.3,834.8,756.6,1143.9,1165.9,1212.3,1259.5,1253.3,1350.1,1448.7,1548.8,1649.5,1770.0,-2047.36711242697,-1884.44995650858,-1591.03279255937,-1362.79342210011,-1106.62376985598,-205.196637538431,80.616967592169,360.591855307914,387.482602497689,346.698417908188,591.791083740203,562.572948140927,534.20829366958,537.819250801047,554.333392939981,749.248478903219,788.376121226558,802.262731178461,834.77339695056,756.562403050819,1143.94662406206,1165.93512459969,1212.29050477088,1259.46303147718,1253.3131437642,1350.05244046497,1448.65389157582,1548.76068373978,1649.54074087201,1769.95851459861
4.B. Cropland,WAM,Total,1462.7,1457.3,1355.4,1341.8,1328.2,1314.8,1301.3,1296.7,1292.5,1286.5,1281.1,1275.6,1270.1,1267.1,1264.5,1262.1,1259.6,1257.0,1255.4,1253.3,1251.7,1251.7,1260.5,1269.3,1278.1,1286.8,1295.6,1295.6,1295.6,1295.6,1462.7176525934,1457.26853364133,1355.37428236351,1341.75000420764,1328.17672217583,1314.75064494376,1301.27975663962,1296.66044724209,1292.53722534667,1286.52760000482,1281.10877830255,1275.56321360228,1270.06298187145,1267.08598400907,1264.51809225879,1262.13938656096,1259.58860741811,1257.03782949504,1255.39397930419,1253.29623824584,1251.65369098189,1251.65369098189,1260.45427447689,1269.25485797189,1278.05544146689,1286.78442681707,1295.58501031207,1295.58501031207,1295.58501031207,1295.58501031207
4.B. Cropland,WEM,Total,1462.7,1457.3,1430.5,1492.1,1553.6,1615.4,1677.1,1672.4,1668.3,1662.3,1656.9,1651.3,1645.8,1642.9,1640.3,1637.9,1635.4,1632.8,1631.2,1629.1,1627.4,1627.4,1574.4,1521.4,1468.4,1415.3,1362.3,1362.3,1362.3,1627.4,1462.7176525934,1457.26853364133,1430.52929942851,1492.06003833764,1553.64177337083,1615.37071320376,1677.05484196462,1672.43553256709,1668.31231067167,1662.30268532982,1656.88386362755,1651.33829892728,1645.83806719645,1642.86106933407,1640.29317758379,1637.91447188596,1635.36369274311,1632.81291482004,1631.16906462919,1629.07132357084,1627.42877630689,1627.42877630689,1574.42434273689,1521.41990916689,1468.41547559689,1415.33944388207,1362.33501031207,1362.33501031207,1362.33501031207,1627.42877630689
4.C. Grassland,WAM,Total,1092.9,1104.6,1116.4,1128.1,1139.9,1151.9,1163.7,1175.4,1185.6,1195.8,1208.1,1219.8,1231.5,1235.1,1238.6,1242.6,1246.1,1249.5,1259.7,1269.9,1270.3,1270.3,1270.3,1270.3,1270.3,1270.0,1270.0,1270.0,1270.0,1270.0,1092.90482112054,1104.64349269693,1116.38216427331,1128.12083584969,1139.85950742607,1151.9126482115,1163.65131978788,1175.38999136426,1185.59996226765,1195.80993317103,1208.09180880115,1219.81862478154,1231.5456245543,1235.06384136764,1238.56629967945,1242.5954700374,1246.06239065714,1249.52936673768,1259.70784274333,1269.88626181867,1270.27129305381,1270.27129922317,1270.27130193623,1270.27129735619,1270.27129789235,1270.04693140876,1270.04693137846,1270.04693066233,1270.04693091217,1270.04693109043
4.C. Grassland,WEM,Total,1092.9,1104.6,1116.4,1128.1,1139.9,1151.9,1163.7,1175.4,1185.6,1195.8,1208.1,1219.8,1231.5,1235.1,1238.6,1242.6,1246.1,1249.5,1259.7,1269.9,1270.3,1270.3,1270.3,1270.3,1270.3,1270.0,1270.0,1270.0,1270.0,1270.0,1092.90482112054,1104.64349269693,1116.38216427331,1128.12083584969,1139.85950742607,1151.9126482115,1163.65131978788,1175.38999136426,1185.59996226765,1195.80993317103,1208.09180880115,1219.81862478154,1231.5456245543,1235.06384136764,1238.56629967945,1242.5954700374,1246.06239065714,1249.52936673768,1259.70784274333,1269.88626181867,1270.27129305381,1270.27129922317,1270.27130193623,1270.27129735619,1270.27129789235,1270.04693140876,1270.04693137846,1270.04693066233,1270.04693091217,1270.04693109043
4.D. Wetlands,WAM,Total,1509.4,1509.5,1477.0,1477.0,1477.0,1477.0,1477.0,1477.0,1477.0,1477.0,1477.0,1477.0,1477.1,1477.1,1477.1,1477.1,1477.1,1477.1,1477.1,1477.1,1470.3,1470.3,1470.3,1470.3,1470.3,1470.3,1470.3,1470.3,1470.3,1477.1,1509.44772173956,1509.52051516263,1476.9721328298,1476.97265020241,1476.97312645653,1476.97364378989,1476.97416110212,1476.97462864957,1476.95215869929,1476.95290428235,1476.95363830261,1476.95438190157,1477.06255152596,1477.08146517116,1477.08158321961,1477.08170126806,1477.08181931651,1477.08181931651,1477.08542360568,1477.08542360568,1470.25002365743,1470.25002365743,1470.25002365743,1470.25002365743,1470.25002365743,1470.25002365743,1470.25002365743,1470.25002365743,1470.25002365743,1477.09002365743
4.D. Wetlands,WEM,Total,1509.4,1509.5,1509.6,1509.5,1509.4,1509.3,1508.2,1507.0,1504.4,1502.1,1499.7,1495.2,1491.8,1487.6,1483.1,1478.6,1474.2,1474.7,1475.3,1475.8,1475.9,1475.9,1475.9,1475.9,1475.8,1475.8,1475.8,1475.8,1475.8,1475.8,1509.44772173956,1509.52051516263,1509.59255141198,1509.49943442151,1509.40538783933,1509.31417787998,1508.15694072782,1506.99918496207,1504.41949579654,1502.08174258261,1499.69822351275,1495.21210062839,1491.84549618504,1487.57154779783,1483.09523668519,1478.61828223672,1474.20289805685,1474.7410254606,1475.28841833596,1475.83760170322,1475.87051490308,1475.86371401565,1475.85691312823,1475.85011224081,1475.84331135338,1475.84492605539,1475.8403061991,1475.83568634281,1475.83106648653,1475.82644663024
4.E. Settlements,WAM,Total,195.0,196.9,198.7,200.5,202.3,204.5,205.9,207.2,203.4,199.7,196.2,191.4,186.6,177.9,169.2,161.4,152.5,144.1,140.5,137.1,138.1,138.4,138.6,138.9,139.1,139.0,139.2,139.5,139.7,139.9,195.010819239174,196.85506930508,198.698270238191,200.472129022705,202.252449418795,204.512476962584,205.879130457827,207.24552186382,203.448640457945,199.653613041241,196.248247640696,191.410394471135,186.570541499271,177.876060232788,169.16308736838,161.381422511633,152.522986655996,144.083894656905,140.534088935838,137.143348037086,138.111337843451,138.370472458422,138.626170211534,138.878431102787,139.127255132182,138.978119472262,139.23186237233,139.482183712,139.714715117651,139.929456589282
4.E. Settlements,WEM,Total,195.0,196.9,198.7,200.5,202.3,204.5,205.9,207.2,203.4,199.7,196.2,191.4,186.6,177.9,169.2,161.4,152.5,144.1,140.5,137.1,138.1,138.4,138.6,138.9,139.1,139.0,139.2,139.5,139.7,139.9,195.010819239174,196.85506930508,198.698270238191,200.472129022705,202.252449418795,204.512476962584,205.879130457827,207.24552186382,203.448640457945,199.653613041241,196.248247640696,191.410394471135,186.570541499271,177.876060232788,169.16308736838,161.381422511633,152.522986655996,144.083894656905,140.534088935838,137.143348037086,138.111337843451,138.370472458422,138.626170211534,138.878431102787,139.127255132182,138.978119472262,139.23186237233,139.482183712,139.714715117651,139.929456589282
4.G. Harvested wood products,WAM,Total,-2124.4,-2077.4,-2029.9,-1983.0,-1952.2,-1783.8,-1742.8,-1702.4,-1663.0,-1611.9,-1634.9,-1597.0,-1560.0,-1523.8,-1489.6,-1387.1,-1355.1,-1323.8,-1293.2,-1286.4,-1315.7,-1285.4,-1255.7,-1226.8,-1177.2,-964.9,-942.8,-921.3,-900.1,-874.0,-2124.3543674233,-2077.43397014433,-2029.8567046658,-1982.98830564409,-1952.2296023754,-1783.75573743129,-1742.758426362,-1702.40854811602,-1662.95145041901,-1611.94659889544,-1634.8759654662,-1596.99338319014,-1559.97740901273,-1523.84730348448,-1489.55502216431,-1387.08718110421,-1355.06378326266,-1323.77549931901,-1293.21691696579,-1286.39865248498,-1315.72331896354,-1285.35096402798,-1255.7177309947,-1226.80044890341,-1177.19265456111,-964.863690658292,-942.828199213324,-921.253251124821,-900.145733482191,-873.983885936846
4.G. Harvested wood products,WEM,Total,-2124.4,-2077.4,-2029.9,-1983.0,-1952.2,-1783.8,-1742.8,-1702.4,-1663.0,-1611.9,-1634.9,-1597.0,-1560.0,-1523.8,-1489.6,-1387.1,-1355.1,-1323.8,-1293.2,-1286.4,-1315.7,-1285.4,-1255.7,-1226.8,-1177.2,-964.9,-942.8,-921.3,-900.1,-874.0,-2124.3543674233,-2077.43397014433,-2029.8567046658,-1982.98830564409,-1952.2296023754,-1783.75573743129,-1742.758426362,-1702.40854811602,-1662.95145041901,-1611.94659889544,-1634.8759654662,-1596.99338319014,-1559.97740901273,-1523.84730348448,-1489.55502216431,-1387.08718110421,-1355.06378326266,-1323.77549931901,-1293.21691696579,-1286.39865248498,-1315.72331896354,-1285.35096402798,-1255.7177309947,-1226.80044890341,-1177.19265456111,-964.863690658292,-942.828199213324,-921.253251124821,-900.145733482191,-873.983885936846
5. Waste,WAM,ESR,551.4,569.5,557.8,542.7,516.8,493.7,473.0,446.0,429.8,415.4,407.8,397.2,385.7,372.5,356.1,343.8,332.7,320.0,311.2,303.3,294.4,293.9,293.4,292.9,292.4,264.0,263.5,263.1,262.7,262.3,551.376636456597,569.496380482138,557.795972223694,542.678995846276,516.827734241383,493.689537134545,473.001205486578,446.003801872064,429.819531414427,415.357199886968,407.820120831231,397.217881791022,385.664570612489,372.517578264006,356.124552374846,343.773515879083,332.692930779192,320.001192853918,311.174171503353,303.254166757827,294.374755677604,293.860182056439,293.366620655183,292.891103414575,292.42957823634,263.980430617077,263.542336674371,263.113004288997,262.686066463512,262.282097727535
5. Waste,WAM,Total,551.4,569.5,557.8,542.7,516.8,493.7,473.0,446.0,429.8,415.4,407.8,397.2,385.7,372.5,356.1,343.8,332.7,320.0,311.2,303.3,294.4,293.9,293.4,292.9,292.4,264.0,263.5,263.1,262.7,262.3,551.376636456597,569.496380482138,557.795972223694,542.678995846276,516.827734241383,493.689537134545,473.001205486578,446.003801872064,429.819531414427,415.357199886968,407.820120831231,397.217881791022,385.664570612489,372.517578264006,356.124552374846,343.773515879083,332.692930779192,320.001192853918,311.174171503353,303.254166757827,294.374755677604,293.860182056439,293.366620655183,292.891103414575,292.42957823634,263.980430617077,263.542336674371,263.113004288997,262.686066463512,262.282097727535
5. Waste,WEM,ESR,551.4,574.8,557.8,542.7,516.8,493.7,473.1,454.7,435.7,418.7,402.6,392.3,383.1,373.6,362.5,355.0,348.5,339.8,334.6,329.9,320.2,319.5,318.9,318.2,289.7,289.1,288.5,287.9,287.4,286.2,551.376636456597,574.764380482138,557.795972223694,542.678995846276,516.827734241383,493.689537134545,473.084060813692,454.686733496111,435.65825458005,418.662121614643,402.615575064425,392.254774550761,383.06778101465,373.64841674929,362.470447206022,355.047878834059,348.471644182151,339.800526608305,334.57170840823,329.880054152444,320.153724715014,319.522356150922,318.874425959662,318.246402609338,289.673662379184,289.114466836728,288.527238523245,287.949351105044,287.413864864624,286.158441354979
5. Waste,WEM,Total,551.4,574.8,557.8,542.7,516.8,493.7,473.1,454.7,435.7,418.7,402.6,392.3,383.1,373.6,362.5,355.0,348.5,339.8,334.6,329.9,320.2,319.5,318.9,318.2,289.7,289.1,288.5,287.9,287.4,286.2,551.376636456597,574.764380482138,557.795972223694,542.678995846276,516.827734241383,493.689537134545,473.084060813692,454.686733496111,435.65825458005,418.662121614643,402.615575064425,392.254774550761,383.06778101465,373.64841674929,362.470447206022,355.047878834059,348.471644182151,339.800526608305,334.57170840823,329.880054152444,320.153724715014,319.522356150922,318.874425959662,318.246402609338,289.673662379184,289.114466836728,288.527238523245,287.949351105044,287.413864864624,286.158441354979
IB.Aviation,WAM,Total,241.0,260.5,281.7,304.6,329.4,356.1,385.0,416.3,450.2,486.7,486.6,486.5,486.5,486.4,486.3,485.7,485.1,484.5,483.9,483.3,482.1,480.8,479.5,478.2,476.9,474.9,473.0,471.0,469.1,467.2,240.967361621545,260.545365487346,281.714033884601,304.602604383644,329.350814788679,356.109756255882,385.042795725256,416.326573297787,450.15208064704,486.725827049043,486.637704097383,486.549581145721,486.461458194061,486.373335242401,486.28521229074,485.697888387554,485.110564484368,484.523240581182,483.935916677996,483.348592774811,482.052622324186,480.756651873561,479.460681422937,478.164710972313,476.868740521688,474.929062896302,472.989385270916,471.049707645529,469.110030020143,467.170352394757
IB.Aviation,WEM,Total,241.0,260.5,281.7,304.6,329.4,356.1,385.0,416.3,450.2,486.7,486.6,486.5,486.5,486.4,486.3,485.7,485.1,484.5,483.9,483.3,482.1,480.8,479.5,478.2,476.9,474.9,473.0,471.0,469.1,467.2,240.967361621545,260.545365487346,281.714033884601,304.602604383644,329.350814788679,356.109756255882,385.042795725256,416.326573297787,450.15208064704,486.725827049043,486.637704097383,486.549581145721,486.461458194061,486.373335242401,486.28521229074,485.697888387554,485.110564484368,484.523240581182,483.935916677996,483.348592774811,482.052622324186,480.756651873561,479.460681422937,478.164710972313,476.868740521688,474.929062896302,472.989385270916,471.049707645529,469.110030020143,467.170352394757
IB.Navigation,WAM,Total,716.7,713.6,713.3,714.0,714.1,712.9,711.2,709.3,707.4,705.4,703.3,701.1,699.0,696.9,694.7,691.9,689.1,686.3,683.5,680.7,677.0,673.3,669.5,665.8,662.0,657.5,653.0,648.4,643.9,639.4,716.726422,713.607528762313,713.277641598106,714.016922251113,714.149888065213,712.855003652193,711.2484496986,709.335640492147,707.391512859583,705.416563301196,703.283045842058,701.149528382918,699.016010923781,696.882493464643,694.748976005504,691.944557439985,689.140138874466,686.335720308947,683.531301743429,680.72688317791,676.990317365721,673.253751553535,669.517185741347,665.780619929158,662.04405411697,657.505311091211,652.966568065452,648.427825039692,643.889082013932,639.350338988173
IB.Navigation,WEM,Total,716.7,713.6,713.3,714.0,714.1,712.9,711.2,709.3,707.4,705.4,703.3,701.1,699.0,696.9,694.7,691.9,689.1,686.3,683.5,680.7,677.0,673.3,669.5,665.8,662.0,657.5,653.0,648.4,643.9,639.4,716.726422,713.607528762313,713.277641598106,714.016922251113,714.149888065213,712.855003652193,711.2484496986,709.335640492147,707.391512859583,705.416563301196,703.283045842058,701.149528382918,699.016010923781,696.882493464643,694.748976005504,691.944557439985,689.140138874466,686.335720308947,683.531301743429,680.72688317791,676.990317365721,673.253751553535,669.517185741347,665.780619929158,662.04405411697,657.505311091211,652.966568065452,648.427825039692,643.889082013932,639.350338988173
Indirect CO2 (if available) (10),WAM,ESR,12.7,11.3,10.6,11.3,11.4,11.0,11.0,10.9,11.1,11.0,8.2,8.3,8.0,7.8,8.0,8.1,8.1,7.8,7.6,7.0,7.0,7.0,7.0,6.7,6.6,6.5,6.7,6.7,6.7,6.9,12.7264307682464,11.2527267497759,10.5811517318991,11.2906124809081,11.3583926179781,11.0304893603932,10.9937723610982,10.8864665711584,11.0526689007369,10.9737589683192,8.16594312716727,8.30858811987727,8.02549353343342,7.77810264292796,7.98026496473858,8.09616806941432,8.07420625818219,7.75780092231771,7.59910728762967,7.01529135991311,7.00278610662481,6.97798738700006,7.00045681598196,6.70442870150505,6.60274291371514,6.46942596578459,6.73075568821181,6.6864241880237,6.66295077295511,6.85613657392009
Indirect CO2 (if available) (10),WAM,Total,12.7,11.3,10.6,11.3,11.4,11.0,11.0,10.9,11.1,11.0,8.2,8.3,8.0,7.8,8.0,8.1,8.1,7.8,7.6,7.0,7.0,7.0,7.0,6.7,6.6,6.5,6.7,6.7,6.7,6.9,12.7264307682464,11.2527267497759,10.5811517318991,11.2906124809081,11.3583926179781,11.0304893603932,10.9937723610982,10.8864665711584,11.0526689007369,10.9737589683192,8.16594312716727,8.30858811987727,8.02549353343342,7.77810264292796,7.98026496473858,8.09616806941432,8.07420625818219,7.75780092231771,7.59910728762967,7.01529135991311,7.00278610662481,6.97798738700006,7.00045681598196,6.70442870150505,6.60274291371514,6.46942596578459,6.73075568821181,6.6864241880237,6.66295077295511,6.85613657392009
Indirect CO2 (if available) (10),WEM,ESR,12.7,11.3,10.5,11.3,11.4,11.0,10.9,10.9,11.0,11.0,8.2,8.4,8.1,7.8,8.1,8.1,8.1,7.7,7.8,7.3,7.1,7.0,7.2,7.0,6.9,6.9,6.9,6.7,6.6,6.5,12.7264307682464,11.2552740234523,10.5420332106631,11.2763670817594,11.3610615200594,10.9778183212906,10.928488979373,10.8601179054268,11.0481080211318,10.9689580943078,8.17426155289232,8.36455117272279,8.06109430694676,7.83653606257353,8.06095581712682,8.12159252484241,8.05812886910486,7.72373104661322,7.77186822599878,7.3264123365136,7.14304947365199,7.03799093378288,7.23403471779172,6.95991618386833,6.89010761767968,6.89465621997245,6.86341279966963,6.74220542890913,6.59870598640585,6.46205140994277
Indirect CO2 (if available) (10),WEM,Total,12.7,11.3,10.5,11.3,11.4,11.0,10.9,10.9,11.0,11.0,8.2,8.4,8.1,7.8,8.1,8.1,8.1,7.7,7.8,7.3,7.1,7.0,7.2,7.0,6.9,6.9,6.9,6.7,6.6,6.5,12.7264307682464,11.2552740234523,10.5420332106631,11.2763670817594,11.3610615200594,10.9778183212906,10.928488979373,10.8601179054268,11.0481080211318,10.9689580943078,8.17426155289232,8.36455117272279,8.06109430694676,7.83653606257353,8.06095581712682,8.12159252484241,8.05812886910486,7.72373104661322,7.77186822599878,7.3264123365136,7.14304947365199,7.03799093378288,7.23403471779172,6.95991618386833,6.89010761767968,6.89465621997245,6.86341279966963,6.74220542890913,6.59870598640585,6.46205140994277
Total excluding LULUCF,WAM,ESR,8694.1,8715.3,8631.7,8587.2,8448.4,8366.8,8322.6,8252.9,8133.0,7878.5,7483.7,7261.6,7056.8,6876.4,6857.4,6403.5,6342.1,6259.8,6166.8,6063.4,5992.1,5929.9,5847.8,5538.7,5560.9,5386.6,5389.4,5350.5,5307.0,5351.1,8694.08110540901,8715.25733740331,8631.66332148128,8587.20501967557,8448.37229859099,8366.83411852563,8322.63300497356,8252.86119120249,8133.00373847036,7878.48722654622,7483.72909390313,7261.55319337797,7056.82519263527,6876.3911270391,6857.37926806222,6403.47793697811,6342.1128346317,6259.81601307795,6166.79179239027,6063.35285900346,5992.05954210358,5929.86742031291,5847.82453567527,5538.6812299737,5560.88256916036,5386.55439446957,5389.43059990718,5350.53017151223,5306.97537127537,5351.14611958516
Total excluding LULUCF,WAM,ETS,1991.2,1702.1,1677.5,1710.5,1761.3,1707.0,1717.6,1700.0,1723.9,1713.2,1214.1,1185.9,1094.2,1083.0,1046.0,1045.8,992.1,969.1,957.4,915.4,924.7,949.5,981.4,982.0,883.1,981.6,990.1,990.2,990.2,854.7,1991.24842997268,1702.08701287808,1677.52515980628,1710.5130817477,1761.34392939646,1707.01929888846,1717.59137694374,1699.98087596653,1723.91632320143,1713.21237038801,1214.05178932405,1185.90639041611,1094.17362089019,1083.00226778299,1045.96738746464,1045.81276431203,992.085948166135,969.099628692628,957.44187087755,915.390805807825,924.698450890682,949.520184994017,981.428048393884,982.017371466032,883.09446558159,981.556307371637,990.146956310967,990.156163615791,990.20165469457,854.692410269262
Total excluding LULUCF,WAM,Total,10689.5,10420.4,10312.3,10300.9,10212.9,10077.1,10043.5,9956.1,9860.2,9595.1,8701.2,8450.9,8154.4,7962.9,7906.8,7452.8,7337.8,7232.5,7127.8,6982.4,6920.4,6883.1,6833.0,6524.4,6447.7,6371.9,6383.4,6344.5,6301.0,6209.7,10689.5270353817,10420.439902661,10312.3185008605,10300.8877174629,10212.9232152307,10077.0917300242,10043.492882827,9956.13959726227,9860.24670729842,9595.0554431934,8701.16582594054,8450.87362296161,8154.44194914718,7962.865626898,7906.84798405695,7452.81863351828,7337.75331872403,7232.49678139484,7127.84140659014,6982.37801183167,6920.4143621422,6883.06599658244,6832.95299747223,6524.42103697038,6447.72149240017,6371.8724279664,6383.35655081032,6344.48259818716,6300.99055749606,6209.66932984751
Total excluding LULUCF,WEM,ESR,8694.1,8720.5,8691.2,8667.3,8545.1,8463.3,8426.9,8384.5,8272.3,8031.9,7629.6,7402.8,7208.0,7027.3,6981.1,6565.2,6502.4,6419.0,6337.1,6241.3,6146.8,6078.1,5992.2,5683.7,5651.4,5566.7,5522.0,5452.6,5402.7,5288.0,8694.08110540901,8720.50013569023,8691.20480517446,8667.3304831552,8545.05296510837,8463.2805423124,8426.90683071778,8384.54611440884,8272.27520577323,8031.91281602425,7629.6145737703,7402.8275696675,7207.98609265453,7027.31487220595,6981.10182533295,6565.24956275428,6502.41810490527,6418.96076533716,6337.09350936261,6241.32227634166,6146.81345742238,6078.0515378081,5992.20924753632,5683.69598367222,5651.42174299435,5566.71938388523,5521.95390519242,5452.59070448451,5402.739420712,5288.04123204797
Total excluding LULUCF,WEM,ETS,1991.2,1702.1,1669.8,1706.0,1758.4,1714.4,1731.5,1698.7,1723.4,1705.7,1213.8,1197.9,1103.2,1096.4,1097.2,1068.2,1003.0,970.8,994.6,980.1,980.9,981.5,1056.5,1057.7,1055.8,1056.8,1056.0,1055.8,1055.4,1054.3,1991.24842997268,1702.09268828631,1669.78490648567,1705.96483168719,1758.44919251161,1714.43256425329,1731.4640409957,1698.73786035852,1723.3569825793,1705.67633727809,1213.82164799004,1197.91865785863,1103.1766525784,1096.38252624241,1097.22893122829,1068.24500854991,1003.04008790066,970.807988630271,994.629215125539,980.137700846986,980.919336169379,981.456278262563,1056.49768629415,1057.6802272791,1055.76332909695,1056.77923909544,1055.95734645658,1055.75804420047,1055.44971514336,1054.29377574511
Total excluding LULUCF,WEM,Total,10689.5,10425.7,10364.1,10376.5,10306.7,10181.0,10161.6,10086.6,9999.0,9740.9,8846.8,8604.2,8314.6,8127.2,8081.8,7637.0,7509.0,7393.3,7335.3,7225.1,7131.4,7063.2,7052.4,6745.1,6710.9,6627.3,6581.7,6512.1,6462.0,6346.2,10689.5270353817,10425.6883763562,10364.119731233,10376.464930882,10306.7091448633,10180.9514191758,10161.6393726232,10086.5815048606,9998.95883397917,9740.94499956152,8846.8211644737,8604.16026669367,8314.60588085465,8127.16963052426,8081.83208509132,7637.02250353232,7509.01272873213,7393.34989359169,7335.33046781047,7225.09432420902,7131.38916273971,7063.18620734618,7052.40734723356,6745.09864648197,6710.92952974952,6627.26034910586,6581.69024624117,6512.14501174412,6462.00266738148,6346.16580778616
Total including LULUCF,WAM,ESR,8694.1,8715.3,8631.7,8587.2,8448.4,8366.8,8322.6,8252.9,8133.0,7878.5,7483.7,7261.6,7056.8,6876.4,6857.4,6403.5,6342.1,6259.8,6166.8,6063.4,5992.1,5929.9,5847.8,5538.7,5560.9,5386.6,5389.4,5350.5,5307.0,5351.1,8694.08110540901,8715.25733740331,8631.66332148128,8587.20501967557,8448.37229859099,8366.83411852563,8322.63300497356,8252.86119120249,8133.00373847036,7878.48722654622,7483.72909390313,7261.55319337797,7056.82519263527,6876.3911270391,6857.37926806222,6403.47793697811,6342.1128346317,6259.81601307795,6166.79179239027,6063.35285900346,5992.05954210358,5929.86742031291,5847.82453567527,5538.6812299737,5560.88256916036,5386.55439446957,5389.43059990718,5350.53017151223,5306.97537127537,5351.14611958516
Total including LULUCF,WAM,ETS,1991.2,1702.1,1677.5,1710.5,1761.3,1707.0,1717.6,1700.0,1723.9,1713.2,1214.1,1185.9,1094.2,1083.0,1046.0,1045.8,992.1,969.1,957.4,915.4,924.7,949.5,981.4,982.0,883.1,981.6,990.1,990.2,990.2,854.7,1991.24842997268,1702.08701287808,1677.52515980628,1710.5130817477,1761.34392939646,1707.01929888846,1717.59137694374,1699.98087596653,1723.91632320143,1713.21237038801,1214.05178932405,1185.90639041611,1094.17362089019,1083.00226778299,1045.96738746464,1045.81276431203,992.085948166135,969.099628692628,957.44187087755,915.390805807825,924.698450890682,949.520184994017,981.428048393884,982.017371466032,883.09446558159,981.556307371637,990.146956310967,990.156163615791,990.20165469457,854.692410269262
Total including LULUCF,WAM,Total,10777.9,10726.8,10772.9,10970.5,11103.5,11972.4,12199.3,12440.8,12413.5,12159.0,11490.7,11250.4,10964.1,10804.1,10791.2,10628.4,10576.5,10531.5,10517.4,10327.8,10639.3,10677.1,10712.0,10488.6,10464.4,10706.0,10847.2,10930.3,11008.9,11071.2,10777.8865702241,10726.8435868141,10772.8960533401,10970.5020090012,11103.4522484766,11972.4495689623,12199.3367920446,12440.7944935739,12413.5168461487,12158.9523127056,11490.6844172615,11250.4008026689,10964.115533255,10804.1459249952,10791.1564173588,10628.3789116953,10576.5224607357,10531.4579234604,10517.4002211639,10327.7740341048,10639.2850127773,10677.0966434751,10712.0285415305,10488.6392296325,10464.4469997521,10706.0216791286,10847.1970708931,10930.255179146,11008.8832448852,11071.1963801585
Total including LULUCF,WEM,ESR,8694.1,8720.5,8691.2,8667.3,8545.1,8463.3,8426.9,8384.5,8272.3,8031.9,7629.6,7402.8,7208.0,7027.3,6981.1,6565.2,6502.4,6419.0,6337.1,6241.3,6146.8,6078.1,5992.2,5683.7,5651.4,5566.7,5522.0,5452.6,5402.7,5288.0,8694.08110540901,8720.50013569023,8691.20480517446,8667.3304831552,8545.05296510837,8463.2805423124,8426.90683071778,8384.54611440884,8272.27520577323,8031.91281602425,7629.6145737703,7402.8275696675,7207.98609265453,7027.31487220595,6981.10182533295,6565.24956275428,6502.41810490527,6418.96076533716,6337.09350936261,6241.32227634166,6146.81345742238,6078.0515378081,5992.20924753632,5683.69598367222,5651.42174299435,5566.71938388523,5521.95390519242,5452.59070448451,5402.739420712,5288.04123204797
Total including LULUCF,WEM,ETS,1991.2,1702.1,1669.8,1706.0,1758.4,1714.4,1731.5,1698.7,1723.4,1705.7,1213.8,1197.9,1103.2,1096.4,1097.2,1068.2,1003.0,970.8,994.6,980.1,980.9,981.5,1056.5,1057.7,1055.8,1056.8,1056.0,1055.8,1055.4,1054.3,1991.24842997268,1702.09268828631,1669.78490648567,1705.96483168719,1758.44919251161,1714.43256425329,1731.4640409957,1698.73786035852,1723.3569825793,1705.67633727809,1213.82164799004,1197.91865785863,1103.1766525784,1096.38252624241,1097.22893122829,1068.24500854991,1003.04008790066,970.807988630271,994.629215125539,980.137700846986,980.919336169379,981.456278262563,1056.49768629415,1057.6802272791,1055.76332909695,1056.77923909544,1055.95734645658,1055.75804420047,1055.44971514336,1054.29377574511
Total including LULUCF,WEM,Total,10777.9,10732.1,10998.4,11360.8,11653.0,12673.1,13054.2,13306.8,13285.3,13035.5,12364.7,12127.5,11844.6,11684.5,11677.7,11519.7,11450.5,11373.0,11383.6,11207.2,11471.3,11455.7,11468.2,11184.2,11140.7,11312.7,11335.0,11387.4,11459.3,11755.4,10777.8865702241,10732.0920605092,10998.4325193599,11360.8356407694,11653.0148906869,12673.1090604639,13054.2401467915,13306.8350428097,13285.2703952517,13035.544792699,12364.6584263298,12127.5192504528,11844.6364949466,11684.5140965732,11677.7282571838,11519.693448003,11450.4770348091,11373.0043271264,11383.5863624396,11207.1966099047,11471.2943899455,11455.704629922,11468.1588490226,11184.1809789224,11140.7073589274,11312.658519731,11334.9700488656,11387.3522553883,11459.3253975997,11755.3720470648
