Category,Scenario,Gas,Gapfilled 2021,Gapfilled 2022,Gapfilled 2023,Gapfilled 2024,Gapfilled 2025,Gapfilled 2026,Gapfilled 2027,Gapfilled 2028,Gapfilled 2029,Gapfilled 2030,Gapfilled 2031,Gapfilled 2032,Gapfilled 2033,Gapfilled 2034,Gapfilled 2035,Gapfilled 2036,Gapfilled 2037,Gapfilled 2038,Gapfilled 2039,Gapfilled 2040,Gapfilled 2041,Gapfilled 2042,Gapfilled 2043,Gapfilled 2044,Gapfilled 2045,Gapfilled 2046,Gapfilled 2047,Gapfilled 2048,Gapfilled 2049,Gapfilled 2050,Reported Value 2021,Reported Value 2025,Reported Value 2030
1. Energy,WAM,ESR,56003.43806,54790.82091,53578.20375,52365.5866,51152.96944,48433.51926,45714.06908,42994.6189,40275.16872,37555.71853,36539.9231131274,35524.1263458593,34508.3295785912,33492.532811323,32476.7360440549,31598.4622550015,30720.1884659482,29841.9146768948,28963.6408878415,28085.3670987881,27207.0933097348,26328.8195206815,25450.5457316282,24572.2719425749,23693.9981535213,22815.724364468,21937.4505754146,21059.1767863614,20180.9029973081,19302.6292082547,56003.438063269,51152.9694409565,37555.7185335121
1. Energy,WAM,ETS,26092.38827,26520.67818,26948.96808,27377.25798,27805.54789,27507.04592,27208.54396,26910.042,26611.54004,26313.03808,26305.2807772492,26297.5212831055,26289.7617889619,26282.0022948182,26274.2428006746,26242.9344534705,26211.6261062663,26180.3177590622,26149.009411858,26117.7010646539,26086.3927174498,26055.0843702456,26023.7760230415,25992.4676758374,25961.1593286332,25929.8509814291,25898.5426342249,25867.2342870208,25835.9259398167,25804.6175926125,26092.3882730433,27805.5478856961,26313.0380819212
1. Energy,WAM,Total,82104.17099,81318.79153,80533.41208,79748.03262,78962.65316,75944.70101,72926.74887,69908.79673,66890.84459,63872.89245,62853.2130868463,61833.5313136926,60813.8495405389,59794.1677673853,58774.4859942316,57867.9899901938,56961.493986156,56054.9979821182,55148.5019780804,54242.0059740427,53335.5099700049,52429.0139659673,51522.5179619295,50616.0219578918,49709.5259538537,48803.0299498161,47896.5339457782,46990.0379417405,46083.5419377029,45177.0459336651,82104.1709937598,78962.6531566525,63872.8924454334
1. Energy,WEM,ESR,56003.43806,55885.13494,55766.83182,55648.5287,55530.22558,54949.95883,54369.69208,53789.42534,53209.15859,52628.89184,52458.4305065811,52334.5149837118,52163.8341268098,51993.1532614137,51822.4723978114,51617.9592061291,51413.445995428,51208.9327953379,51004.4195936059,50799.9063959391,50595.3931955622,50390.8799958629,50186.3667961635,49981.8535964641,49777.3403967647,49572.8271970653,49368.3139973659,49163.8007976666,48959.2875979672,48754.7743982678,56003.438063269,55530.2255840037,52628.8918361868
1. Energy,WEM,ETS,26092.38827,26715.07917,27337.77008,27960.46098,28583.15188,28317.58919,28052.02651,27786.46382,27520.90114,27255.33845,27415.7185285136,27576.4118014252,27736.7923849173,27897.1729700346,28057.5535551207,27998.7839105121,27940.0142606262,27881.2446159614,27822.4749713287,27763.7053335122,27704.9356911516,27646.166049927,27587.3964087024,27528.6267674778,27469.8571262532,27411.0874850287,27352.3178438041,27293.5482025795,27234.7785613549,27176.0089201303,26092.3882730433,28583.1518776571,27255.3384496152
1. Energy,WEM,Total,82104.17099,82607.50657,83110.84214,83614.17772,84117.51329,83271.68386,82425.85442,81580.02499,80734.19555,79888.36612,79878.9914613619,79916.1656504825,79906.5745039453,79896.9833505392,79887.3921989507,79624.8143213982,79362.2364196049,79099.6585336446,78837.0806460155,78574.5027693258,78311.9248853432,78049.3470031838,77786.7691210244,77524.191238865,77261.6133567056,76999.0354745462,76736.4575923868,76473.8797102274,76211.301828068,75948.7239459086,82104.1709937598,84117.5132916608,79888.366115802
1.A.1. Energy industries,WAM,ESR,2318.57621,2250.28418,2181.99215,2113.70013,2045.4081,1938.5741,1831.74011,1724.90612,1618.07212,1511.23813,1511.77104597815,1512.30394818534,1512.83685039252,1513.36975259971,1513.90265480689,1513.00548074933,1512.10830669178,1511.21113263422,1510.31395857667,1509.41678451911,1508.51961046156,1507.622436404,1506.72526234645,1505.82808828889,1504.93091423134,1504.03374017378,1503.13656611623,1502.23939205867,1501.34221800112,1500.44504394356,2318.57620505832,2045.40809898734,1511.23812887009
1.A.1. Energy industries,WAM,ETS,15872.62128,16174.60101,16476.58074,16778.56048,17080.54021,16820.18015,16559.82009,16299.46003,16039.09997,15778.73991,15784.3056343846,15789.8696325401,15795.4336306957,15800.9976288512,15806.5616270068,15797.1942895588,15787.8269521109,15778.459614663,15769.092277215,15759.7249397671,15750.3576023192,15740.9902648713,15731.6229274233,15722.2555899754,15712.8882525275,15703.5209150795,15694.1535776316,15684.7862401837,15675.4189027357,15666.0515652878,15872.6212763284,17080.5402106075,15778.739913191
1.A.1. Energy industries,WAM,Total,18191.19748,18424.88519,18658.5729,18892.2606,19125.94831,18758.75426,18391.5602,18024.36615,17657.1721,17289.97804,17296.0766803627,17302.1735807255,17308.2704810882,17314.3673814509,17320.4642818137,17310.1997703082,17299.9352588027,17289.6707472972,17279.4062357917,17269.1417242862,17258.8772127807,17248.6127012753,17238.3481897698,17228.0836782643,17217.8191667588,17207.5546552533,17197.2901437478,17187.0256322423,17176.7611207368,17166.4966092314,18191.1974813867,19125.9483095948,17289.9780420611
1.A.1. Energy industries,WEM,ESR,2318.57621,2267.70249,2216.82878,2165.95507,2115.08136,2126.66545,2138.24954,2149.83364,2161.41773,2173.00182,2191.08722397206,2209.17274862866,2227.25827400115,2245.34379865774,2263.42932331434,2252.69025551353,2241.95118699682,2231.212119196,2220.47305139519,2209.73398359438,2198.99491579357,2188.25584799276,2177.51678019196,2166.77771239114,2156.03864459033,2145.29957678952,2134.56050898871,2123.8214411879,2113.08237338709,2102.34330558628,2318.57620505832,2115.08136252638,2173.00181666929
1.A.1. Energy industries,WEM,ETS,15872.62128,16175.4243,16478.22733,16781.03036,17083.83338,16822.66175,16561.49011,16300.31848,16039.14684,15777.97521,15909.2915741568,16040.6089776292,16171.9263862996,16303.2437897719,16434.5611932442,16356.5857667032,16278.6103349641,16200.6349084231,16122.6594818821,16044.6840553411,15966.7086288001,15888.7332022591,15810.7577757182,15732.7823491772,15654.8069226362,15576.8314960952,15498.8560695542,15420.8806430132,15342.9052164722,15264.9297899312,15872.6212763284,17083.8333843749,15777.9752068347
1.A.1. Energy industries,WEM,Total,18191.19748,18443.1268,18695.05611,18946.98543,19198.91475,18949.3272,18699.73966,18450.15211,18200.56457,17950.97702,18100.3788182954,18249.7817465907,18399.1846808001,18548.5876090954,18697.9905373908,18609.2760429501,18520.5615425955,18431.8470481549,18343.1325537142,18254.4180592736,18165.703564833,18076.9890703923,17988.2745759517,17899.560081511,17810.8455870704,17722.1310926297,17633.4165981891,17544.7021037484,17455.9876093078,17367.2731148672,18191.1974813867,19198.9147469013,17950.9770235039
1.A.2. Manufacturing industries and construction,WAM,ESR,4031.68584,3865.29353,3698.90121,3532.50889,3366.11658,3242.92964,3119.74271,2996.55577,2873.36883,2750.1819,2748.18527924345,2746.18853327047,2744.19178729749,2742.19504132452,2740.19829535154,2735.61517507227,2731.032054793,2726.44893451372,2721.86581423445,2717.28269395518,2712.6995736759,2708.11645339663,2703.53333311736,2698.95021283808,2694.36709255881,2689.78397227954,2685.20085200026,2680.61773172099,2676.03461144171,2671.45149116244,4031.68584086323,3366.1165776923,2750.18189680201
1.A.2. Manufacturing industries and construction,WAM,ETS,9963.28478,10072.20116,10181.11755,10290.03393,10398.95031,10360.80841,10322.66651,10284.52461,10246.38271,10208.24081,10200.8296691263,10193.4180634691,10186.0064578118,10178.5948521545,10171.1832464973,10154.1714279437,10137.1596093902,10120.1477908367,10103.1359722831,10086.1241537296,10069.1123351761,10052.1005166225,10035.088698069,10018.0768795155,10001.0650609619,9984.05324240839,9967.04142385485,9950.02960530131,9933.01778674778,9916.00596819424,9963.28477954645,10398.9503115038,10208.2408051454
1.A.2. Manufacturing industries and construction,WAM,Total,13994.97062,13937.49469,13880.01875,13822.54282,13765.06689,13603.73805,13442.40921,13281.08038,13119.75154,12958.4227,12949.014938377,12939.606586754,12930.1982351311,12920.7898835081,12911.3815318851,12889.786593069,12868.1916542528,12846.5967154367,12825.0017766205,12803.4068378044,12781.8118989883,12760.2169601721,12738.622021356,12717.0270825398,12695.4321437237,12673.8372049075,12652.2422660914,12630.6473272753,12609.0523884591,12587.457449643,13994.9706204097,13765.0668891961,12958.4227019474
1.A.2. Manufacturing industries and construction,WEM,ESR,4031.68584,3962.12932,3892.57279,3823.01627,3753.45974,3742.14852,3730.8373,3719.52607,3708.21485,3696.90363,3706.84026451146,3716.77720277823,3726.71413877498,3736.65107704175,3746.58801530853,3753.25737236418,3759.92672941983,3766.59608647548,3773.26544353114,3779.93480285681,3786.60416066914,3793.2735188598,3799.94287705047,3806.61223524113,3813.28159343179,3819.95095162246,3826.62030981312,3833.28966800379,3839.95902619445,3846.62838438512,4031.68584086323,3753.45974129638,3696.90362570492
1.A.2. Manufacturing industries and construction,WEM,ETS,9963.28478,10265.77887,10568.27295,10870.76704,11173.26113,11168.87008,11164.47903,11160.08798,11155.69693,11151.30588,11181.2786523374,11211.2523409194,11241.2260226542,11271.1997112362,11301.1733998182,11321.2907866895,11341.4081735608,11361.5255604321,11381.6429473033,11401.7603410219,11421.8777301756,11441.9951204705,11462.1125107654,11482.2299010603,11502.3472913552,11522.4646816501,11542.582071945,11562.6994622399,11582.8168525349,11602.9342428298,9963.28477954645,11173.2611296974,11151.3058791957
1.A.2. Manufacturing industries and construction,WEM,Total,13994.97062,14227.90818,14460.84575,14693.78331,14926.72087,14911.0186,14895.31632,14879.61405,14863.91178,14848.2095,14888.1189068219,14928.0295336439,14967.9401513485,15007.8507781704,15047.7614049924,15074.5481489013,15101.3348928101,15128.121636719,15154.9083806279,15181.6951336541,15208.4818806021,15235.2686290696,15262.0553775371,15288.8421260047,15315.6288744722,15342.4156229397,15369.2023714073,15395.9891198748,15422.7758683423,15449.5626168099,13994.9706204097,14926.7208709937,14848.2095049006
1.A.3. Transport,WAM,ESR,23755.17466,23653.43854,23551.70242,23449.9663,23348.23019,21959.32671,20570.42323,19181.51976,17792.61628,16403.7128,15990.0281871437,15576.3423338096,15162.6564804755,14748.9706271414,14335.2847738073,14005.7678496313,13676.2509254553,13346.7340012793,13017.2170771033,12687.7001529273,12358.1832287512,12028.6663045753,11699.1493803992,11369.6324562232,11040.1155320472,10710.5986078712,10381.0816836952,10051.5647595192,9722.04783534325,9392.53091116718,23755.1746567351,23348.2301873397,16403.7128015862
1.A.3. Transport,WAM,ETS,97.21132,111.67007,126.12882,140.58756,155.04631,155.04631,155.04631,155.04631,155.04631,155.04631,151.173790211503,147.301269112458,143.428748013412,139.556226914366,135.683705815321,132.599091192221,129.514476569122,126.429861946022,123.345247322923,120.260632699823,117.176018076724,114.091403453625,111.006788830525,107.922174207426,104.837559584326,101.752944961227,98.6683303381269,95.5837157150279,92.499101091929,89.4144864688291,97.21132255076,155.046308400253,155.046308400253
1.A.3. Transport,WAM,Total,23860.73064,23772.40106,23684.07148,23595.7419,23507.41233,22118.50885,20729.60537,19340.70189,17951.79842,16562.89494,16149.2111934475,15735.527306895,15321.8434203424,14908.1595337899,14494.4756472374,14164.9602403065,13835.4448333756,13505.9294264447,13176.4140195138,12846.8986125829,12517.383205652,12187.8677987212,11858.3523917902,11528.8369848594,11199.3215779284,10869.8061709976,10540.2907640666,10210.7753571358,9881.25995020494,9551.74454327399,23860.7306367334,23507.4123257399,16562.8949399865
1.A.3. Transport,WEM,ESR,23755.17466,24142.87616,24530.57767,24918.27917,25305.98067,24850.66914,24395.35761,23940.04607,23484.73454,23029.42301,22928.1670951485,22873.4600475805,22771.9876574858,22670.515267391,22569.0428690417,22468.2811755222,22367.5194737482,22266.757771821,22165.9960783002,22065.2343765262,21964.4726802543,21863.710982607,21762.9492849596,21662.1875873122,21561.4258896648,21460.6641920174,21359.90249437,21259.1407967226,21158.3790990752,21057.6174014278,23755.1746567351,25305.9806737057,23029.4230064336
1.A.3. Transport,WEM,ETS,97.21132,111.67007,126.12882,140.58756,155.04631,155.04631,155.04631,155.04631,155.04631,155.04631,154.369480120769,154.003897905534,153.325627895976,152.647357886418,151.969087821667,151.295573684541,150.622059492223,149.94854529888,149.275031161725,148.601516969407,147.928002813865,147.254488649128,146.580974484392,145.907460319656,145.233946154919,144.560431990183,143.886917825446,143.21340366071,142.539889495974,141.866375331237,97.21132255076,155.046308400253,155.046308400253
1.A.3. Transport,WEM,Total,23860.73064,24261.83868,24662.94672,25064.05477,25465.16281,25009.85128,24554.53975,24099.22821,23643.91668,23188.60514,23087.3789913968,23032.7028005524,22931.2612671811,22829.8197338099,22728.3781921841,22627.6479433829,22526.9176863271,22426.187429118,22325.4571803124,22224.7269232566,22123.996671701,22023.2664187703,21922.5361658396,21821.8059129089,21721.0756599782,21620.3454070476,21519.6151541169,21418.8849011862,21318.1546482555,21217.4243953248,23860.7306367334,25465.162812106,23188.6051448338
1.A.3.a. Domestic aviation,WAM,ESR,2.01225,1.97773,1.94321,1.9087,1.87418,1.87418,1.87418,1.87418,1.87418,1.87418,1.87470485402797,1.87559768288461,1.87649051174124,1.87738334059788,1.87827616945451,1.87896469324269,1.87965321703087,1.88034174081904,1.88103026460722,1.88171878839539,1.88240731218357,1.88309583597175,1.88378435975992,1.8844728835481,1.88516140733628,1.88584993112445,1.88653845491263,1.8872269787008,1.88791550248898,1.88860402627716,2.01224750486689,1.87418145750718,1.87418145750718
1.A.3.a. Domestic aviation,WAM,ETS,,,,,,,,,,,0.0,0.0,0.0,0.0,0.0,0.0,0.0,0.0,0.0,0.0,0.0,0.0,0.0,0.0,0.0,0.0,0.0,0.0,0.0,0.0,,,
1.A.3.a. Domestic aviation,WAM,Total,10.3569,9.27018,8.18346,7.09673,6.01001,6.01001,6.01001,6.01001,6.01001,6.01001,6.01169307097326,6.01455614194652,6.01741921291978,6.02028228389304,6.0231453548663,6.02535327238339,6.02756118990048,6.02976910741757,6.03197702493465,6.03418494245174,6.03639285996883,6.03860077748592,6.04080869500301,6.0430166125201,6.04522453003718,6.04743244755427,6.04964036507136,6.05184828258845,6.05405620010554,6.05626411762263,10.3569049523895,6.01001145750718,6.01001145750718
1.A.3.a. Domestic aviation,WEM,ESR,2.01225,1.97773,1.94321,1.9087,1.87418,1.87418,1.87418,1.87418,1.87418,1.87418,1.87470485521519,1.87559768391875,1.87649051262231,1.87738334132587,1.87827617002943,1.8789646940279,1.87965321802638,1.88034174202485,1.88103026468303,1.88171878868151,1.88240731178645,1.88309583511478,1.88378435844311,1.88447288177143,1.88516140509976,1.88584992842809,1.88653845175642,1.88722697508475,1.88791549841307,1.8886040217414,2.01224750486689,1.87418145750718,1.87418145750718
1.A.3.a. Domestic aviation,WEM,ETS,,,,,,,,,,,0.0,0.0,0.0,0.0,0.0,0.0,0.0,0.0,0.0,0.0,0.0,0.0,0.0,0.0,0.0,0.0,0.0,0.0,0.0,0.0,,,
1.A.3.a. Domestic aviation,WEM,Total,10.3569,9.27018,8.18346,7.09673,6.01001,6.01001,6.01001,6.01001,6.01001,6.01001,6.01169307478036,6.01455614526275,6.01741921574513,6.02028228622752,6.02314535670991,6.02535327490137,6.02756119309283,6.02976911128428,6.03197702517777,6.03418494336923,6.03639285869537,6.03860077473785,6.04080869078032,6.04301660682279,6.04522452286526,6.04743243890774,6.04964035495021,6.05184827099268,6.05405618703516,6.05626410307763,10.3569049523895,6.01001145750718,6.01001145750718
1.A.3.b. Road transportation,WAM,ESR,22960.13152,22822.36169,22684.59187,22546.82205,22409.05223,21002.05529,19595.05835,18188.06142,16781.06448,15374.06754,14960.3400448547,14546.6115197094,14132.8829945641,13719.1544694188,13305.4259442735,12975.9083370229,12646.3907297722,12316.8731225215,11987.3555152708,11657.8379080202,11328.3203007694,10998.8026935188,10669.2850862681,10339.7674790175,10010.2498717667,9680.73226451611,9351.21465726538,9021.69705001475,8692.17944276413,8362.6618355134,22960.1315175833,22409.0522260984,15374.0675422012
1.A.3.b. Road transportation,WAM,ETS,0.0,0.0,0.0,0.0,0.0,0.0,0.0,0.0,0.0,0.0,0.0,0.0,0.0,0.0,0.0,0.0,0.0,0.0,0.0,0.0,0.0,0.0,0.0,0.0,0.0,0.0,0.0,0.0,0.0,0.0,0.0,0.0,0.0
1.A.3.b. Road transportation,WAM,Total,22960.13152,22822.36169,22684.59187,22546.82205,22409.05223,21002.05529,19595.05835,18188.06142,16781.06448,15374.06754,14960.3400448547,14546.6115197094,14132.8829945641,13719.1544694188,13305.4259442735,12975.9083370229,12646.3907297722,12316.8731225215,11987.3555152708,11657.8379080202,11328.3203007694,10998.8026935188,10669.2850862681,10339.7674790175,10010.2498717667,9680.73226451611,9351.21465726538,9021.69705001475,8692.17944276413,8362.6618355134,22960.1315175833,22409.0522260984,15374.0675422012
1.A.3.b. Road transportation,WEM,ESR,22960.13152,23317.59555,23675.05959,24032.52363,24389.98766,23920.30249,23450.61731,22980.93214,22511.24696,22041.56179,21939.778854852,21884.5437573863,21782.5433174746,21680.5428775629,21578.5424293158,21477.2775243967,21376.0126111422,21274.7476978877,21173.4827929685,21072.217879714,20970.9529720164,20869.6880629295,20768.4231538427,20667.1582447558,20565.893335669,20464.6284265821,20363.3635174953,20262.0986084085,20160.8336993216,20059.5687902348,22960.1315175833,24389.9876648493,22041.5617895754
1.A.3.b. Road transportation,WEM,ETS,0.0,0.0,0.0,0.0,0.0,0.0,0.0,0.0,0.0,0.0,0.0,0.0,0.0,0.0,0.0,0.0,0.0,0.0,0.0,0.0,0.0,0.0,0.0,0.0,0.0,0.0,0.0,0.0,0.0,0.0,0.0,0.0,0.0
1.A.3.b. Road transportation,WEM,Total,22960.13152,23317.59555,23675.05959,24032.52363,24389.98766,23920.30249,23450.61731,22980.93214,22511.24696,22041.56179,21939.778854852,21884.5437573863,21782.5433174746,21680.5428775629,21578.5424293158,21477.2775243967,21376.0126111422,21274.7476978877,21173.4827929685,21072.217879714,20970.9529720164,20869.6880629295,20768.4231538427,20667.1582447558,20565.893335669,20464.6284265821,20363.3635174953,20262.0986084085,20160.8336993216,20059.5687902348,22960.1315175833,24389.9876648493,22041.5617895754
1.A.3.c. Railways,WAM,ESR,72.62443,76.26053,79.89662,83.53272,87.16881,90.8551,94.54139,98.22767,101.91396,105.60025,105.63562953,105.67031906,105.70500859,105.739698119999,105.774387649999,105.774387649999,105.774387649999,105.774387649999,105.774387649999,105.774387649999,105.774387649999,105.774387649999,105.774387649999,105.774387649999,105.774387649999,105.774387649999,105.774387649999,105.774387649999,105.774387649999,105.774387649999,72.6244330413899,87.1688140569689,105.600246999526
1.A.3.c. Railways,WAM,ETS,0.0,0.0,0.0,0.0,0.0,0.0,0.0,0.0,0.0,0.0,0.0,0.0,0.0,0.0,0.0,0.0,0.0,0.0,0.0,0.0,0.0,0.0,0.0,0.0,0.0,0.0,0.0,0.0,0.0,0.0,0.0,0.0,0.0
1.A.3.c. Railways,WAM,Total,72.62443,76.26053,79.89662,83.53272,87.16881,90.8551,94.54139,98.22767,101.91396,105.60025,105.63562953,105.67031906,105.70500859,105.739698119999,105.774387649999,105.774387649999,105.774387649999,105.774387649999,105.774387649999,105.774387649999,105.774387649999,105.774387649999,105.774387649999,105.774387649999,105.774387649999,105.774387649999,105.774387649999,105.774387649999,105.774387649999,105.774387649999,72.6244330413899,87.1688140569689,105.600246999526
1.A.3.c. Railways,WEM,ESR,72.62443,74.46574,76.30704,78.14834,79.98964,81.85538,83.72113,85.58687,87.45261,89.31835,89.5584959126575,89.7996719061194,90.0408478187769,90.2820237314344,90.5231997248963,90.7400393089332,90.9568789737745,91.1737185578115,91.3905581418484,91.6073978066897,91.8242374176613,92.0410770421005,92.2579166665396,92.4747562909787,92.6915959154178,92.9084355398569,93.1252751642961,93.3421147887352,93.5589544131743,93.7757940376134,72.6244330413899,79.9896443254678,89.3183476006681
1.A.3.c. Railways,WEM,ETS,0.0,0.0,0.0,0.0,0.0,0.0,0.0,0.0,0.0,0.0,0.0,0.0,0.0,0.0,0.0,0.0,0.0,0.0,0.0,0.0,0.0,0.0,0.0,0.0,0.0,0.0,0.0,0.0,0.0,0.0,0.0,0.0,0.0
1.A.3.c. Railways,WEM,Total,72.62443,74.46574,76.30704,78.14834,79.98964,81.85538,83.72113,85.58687,87.45261,89.31835,89.5584959126575,89.7996719061194,90.0408478187769,90.2820237314344,90.5231997248963,90.7400393089332,90.9568789737745,91.1737185578115,91.3905581418484,91.6073978066897,91.8242374176613,92.0410770421005,92.2579166665396,92.4747562909787,92.6915959154178,92.9084355398569,93.1252751642961,93.3421147887352,93.5589544131743,93.7757940376134,72.6244330413899,79.9896443254678,89.3183476006681
1.A.3.d. Domestic navigation,WAM,ESR,392.29183,414.59879,436.90576,459.21273,481.51969,491.00706,500.49444,509.98181,519.46918,528.95655,528.964268228601,528.971366457202,528.978464685803,528.985562914404,528.992661143004,528.992661143004,528.992661143004,528.992661143004,528.992661143004,528.992661143004,528.992661143005,528.992661143005,528.992661143005,528.992661143005,528.992661143005,528.992661143005,528.992661143005,528.992661143005,528.992661143005,528.992661143005,392.291825039323,481.519692771411,528.956551459729
1.A.3.d. Domestic navigation,WAM,ETS,0.0,0.0,0.0,0.0,0.0,0.0,0.0,0.0,0.0,0.0,0.0,0.0,0.0,0.0,0.0,0.0,0.0,0.0,0.0,0.0,0.0,0.0,0.0,0.0,0.0,0.0,0.0,0.0,0.0,0.0,0.0,0.0,0.0
1.A.3.d. Domestic navigation,WAM,Total,392.29183,414.59879,436.90576,459.21273,481.51969,491.00706,500.49444,509.98181,519.46918,528.95655,528.964268228601,528.971366457202,528.978464685803,528.985562914404,528.992661143004,528.992661143004,528.992661143004,528.992661143004,528.992661143004,528.992661143004,528.992661143005,528.992661143005,528.992661143005,528.992661143005,528.992661143005,528.992661143005,528.992661143005,528.992661143005,528.992661143005,528.992661143005,392.291825039323,481.519692771411,528.956551459729
1.A.3.d. Domestic navigation,WEM,ESR,392.29183,410.5975,428.90317,447.20884,465.51451,473.10261,480.69071,488.27881,495.86691,503.45501,503.668831932616,503.881553865231,504.094275797847,504.306997730463,504.519719663079,504.729509199062,504.939298735045,505.14908819855,505.358877734533,505.568667270516,505.778456806499,505.988246342482,506.198035878465,506.407825414448,506.617614950431,506.827404486414,507.037194022397,507.24698355838,507.456773094363,507.666562630347,392.291825039323,465.514510118099,503.455008331652
1.A.3.d. Domestic navigation,WEM,ETS,0.0,0.0,0.0,0.0,0.0,0.0,0.0,0.0,0.0,0.0,0.0,0.0,0.0,0.0,0.0,0.0,0.0,0.0,0.0,0.0,0.0,0.0,0.0,0.0,0.0,0.0,0.0,0.0,0.0,0.0,0.0,0.0,0.0
1.A.3.d. Domestic navigation,WEM,Total,392.29183,410.5975,428.90317,447.20884,465.51451,473.10261,480.69071,488.27881,495.86691,503.45501,503.668831932616,503.881553865231,504.094275797847,504.306997730463,504.519719663079,504.729509199062,504.939298735045,505.14908819855,505.358877734533,505.568667270516,505.778456806499,505.988246342482,506.198035878465,506.407825414448,506.617614950431,506.827404486414,507.037194022397,507.24698355838,507.456773094363,507.666562630347,392.291825039323,465.514510118099,503.455008331652
1.A.3.e. Other transportation,WAM,ESR,328.11463,338.23979,348.36495,358.49011,368.61527,373.53507,378.45488,383.37468,388.29448,393.21428,393.213539676408,393.213530900137,393.213522123866,393.213513347595,393.213504571323,393.213499122202,393.21349367308,393.213488223959,393.213482774837,393.213477325715,393.213471876594,393.213466427472,393.213460978351,393.213455529229,393.213450080108,393.213444630986,393.213439181865,393.213433732743,393.213428283622,393.2134228345,328.114633566241,368.615272955363,393.214279468315
1.A.3.e. Other transportation,WAM,ETS,97.21132,111.67007,126.12882,140.58756,155.04631,155.04631,155.04631,155.04631,155.04631,155.04631,155.046018086794,155.046014626267,155.046011165741,155.046007705214,155.046004244688,155.046002096073,155.045999947457,155.045997798842,155.045995650227,155.045993501612,155.045991352996,155.045989204381,155.045987055766,155.045984907151,155.045982758535,155.04598060992,155.045978461305,155.04597631269,155.045974164074,155.045972015459,97.21132255076,155.046308400253,155.046308400253
1.A.3.e. Other transportation,WAM,Total,425.32596,449.90986,474.49377,499.07768,523.66158,528.58138,533.50118,538.42099,543.34079,548.26059,548.259557763202,548.259545526404,548.259533289607,548.259521052809,548.259508816011,548.259501218274,548.259493620537,548.259486022801,548.259478425064,548.259470827327,548.25946322959,548.259455631853,548.259448034117,548.25944043638,548.259432838643,548.259425240906,548.25941764317,548.259410045433,548.259402447696,548.259394849959,425.325956117001,523.661581355616,548.260587868569
1.A.3.e. Other transportation,WEM,ESR,328.11463,338.23964,348.36465,358.48966,368.61467,373.53447,378.45428,383.37408,388.29388,393.21368,393.286207595962,393.35946673893,393.432725881897,393.505985024864,393.579244167832,393.655137923532,393.731031679232,393.806925434932,393.882819190633,393.958712946333,394.034606702033,394.110500457734,394.186394213434,394.262287969134,394.338181724834,394.414075480535,394.489969236235,394.565862991935,394.641756747636,394.717650503336,328.114633566241,368.614672955363,393.213679468315
1.A.3.e. Other transportation,WEM,ETS,97.21132,111.67007,126.12882,140.58756,155.04631,155.04631,155.04631,155.04631,155.04631,155.04631,155.074908028754,155.103794510503,155.132680992252,155.161567474002,155.190453955751,155.220379279746,155.250304603741,155.280229927737,155.310155251732,155.340080575727,155.370005899722,155.399931223718,155.429856547713,155.459781871708,155.489707195703,155.519632519699,155.549557843694,155.579483167689,155.609408491685,155.63933381568,97.21132255076,155.046308400253,155.046308400253
1.A.3.e. Other transportation,WEM,Total,425.32596,449.90971,474.49347,499.07723,523.66098,528.58078,533.50058,538.42039,543.34019,548.25999,548.361115624717,548.463261249433,548.565406874149,548.667552498866,548.769698123582,548.875517203278,548.981336282974,549.087155362669,549.192974442365,549.29879352206,549.404612601756,549.510431681451,549.616250761147,549.722069840842,549.827888920538,549.933708000234,550.039527079929,550.145346159625,550.25116523932,550.356984319016,425.325956117001,523.660981355616,548.259987868569
1.A.4. Other sectors,WAM,ESR,25232.37245,24356.20503,23480.0376,22603.87018,21727.70275,20627.17698,19526.65121,18426.12543,17325.59966,16225.07388,15624.4259189271,15023.7788487588,14423.1317785906,13822.4847084224,13221.8376382541,12678.5610677136,12135.2844971731,11592.0079266326,11048.7313560921,10505.4547855515,9962.17821501111,9418.90164447062,8875.62507393014,8332.34850338966,7789.07193284894,7245.79536230846,6702.51879176797,6159.24222122748,5615.965650687,5072.68908014651,25232.3724530014,21727.7027549356,16225.0738842523
1.A.4. Other sectors,WAM,ETS,61.20208,59.67374,58.14539,56.61704,55.08869,55.08869,55.08869,55.08869,55.08869,55.08869,53.0493153618194,51.0099498189288,48.9705842760382,46.9312187331475,44.8918531902569,43.0472766106861,41.2027000311153,39.3581234515445,37.5135468719737,35.6689702924028,33.8243937128324,31.9798171332617,30.135240553691,28.2906639741203,26.4460873945489,24.6015108149782,22.7569342354075,20.9123576558368,19.0677810762662,17.2232044966955,61.20208461768,55.0886883292279,55.0886883292279
1.A.4. Other sectors,WAM,Total,25293.57454,24415.87876,23538.18299,22660.48722,21782.79144,20682.26567,19581.73989,18481.21412,17380.68835,16280.16257,15677.4752246591,15074.7887893182,14472.1023539772,13869.4159186363,13266.7294832954,12721.6083365101,12176.4871897249,11631.3660429396,11086.2448961544,10541.1237493691,9996.00260258396,9450.88145579874,8905.76030901352,8360.6391622283,7815.51801544285,7270.39686865764,6725.27572187241,6180.15457508719,5635.03342830197,5089.91228151675,25293.5745376191,21782.7914432649,16280.1625725815
1.A.4. Other sectors,WEM,ESR,25232.37245,24846.82734,24461.28222,24075.7371,23690.19198,23564.9639,23439.73582,23314.50773,23189.27965,23064.05157,22966.8232411141,22869.5923028893,22772.3613747129,22675.1304364882,22577.8995083118,22478.2177208941,22378.5359234281,22278.8541360104,22179.1723385444,22079.4905511267,21979.8087570101,21880.1269645683,21780.4451721264,21680.7633796846,21581.0815872428,21481.3997948009,21381.7180023591,21282.0362099172,21182.3544174754,21082.6726250335,25232.3724530014,23690.1919844736,23064.0515653775
1.A.4. Other sectors,WEM,ETS,61.20208,59.67374,58.14539,56.61704,55.08869,55.08869,55.08869,55.08869,55.08869,55.08869,54.856453733719,54.6242168062077,54.3919799026969,54.1597429751857,53.9275060716749,53.6894152699055,53.4513244441356,53.2132336423662,52.9751428165963,52.7370520148269,52.4989611970572,52.2608703832876,52.0227795695179,51.7846887557483,51.5465979419787,51.308507128209,51.0704163144394,50.8323255006698,50.5942346869001,50.3561438731305,61.20208461768,55.0886883292279,55.0886883292279
1.A.4. Other sectors,WEM,Total,25293.57454,24906.50107,24519.42761,24132.35414,23745.28067,23620.05259,23494.82451,23369.59642,23244.36834,23119.14025,23021.6796948478,22924.2165196955,22826.7533546156,22729.2901794634,22631.8270143835,22531.907136164,22431.9872478722,22332.0673696528,22232.147481361,22132.2276031415,22032.3077182072,21932.3878349516,21832.467951696,21732.5480684404,21632.6281851848,21532.7083019291,21432.7884186735,21332.8685354179,21232.9486521623,21133.0287689067,25293.5745376191,23745.2806728029,23119.1402537067
1.A.5. Other,WAM,ESR,105.50133,105.5003,105.49927,105.49824,105.49721,105.49721,105.49721,105.49721,105.49721,105.49721,105.49808,105.49808,105.49808,105.49808,105.49808,105.49808,105.49808,105.49808,105.49808,105.49808,105.49808,105.49808,105.49808,105.49808,105.49808,105.49808,105.49808,105.49808,105.49808,105.49808,105.501334544529,105.497213666754,105.497213666754
1.A.5. Other,WAM,ETS,0.0,0.0,0.0,0.0,0.0,0.0,0.0,0.0,0.0,0.0,0.0,0.0,0.0,0.0,0.0,0.0,0.0,0.0,0.0,0.0,0.0,0.0,0.0,0.0,0.0,0.0,0.0,0.0,0.0,0.0,0.0,0.0,0.0
1.A.5. Other,WAM,Total,105.50133,105.5003,105.49927,105.49824,105.49721,105.49721,105.49721,105.49721,105.49721,105.49721,105.49808,105.49808,105.49808,105.49808,105.49808,105.49808,105.49808,105.49808,105.49808,105.49808,105.49808,105.49808,105.49808,105.49808,105.49808,105.49808,105.49808,105.49808,105.49808,105.49808,105.501334544529,105.497213666754,105.497213666754
1.A.5. Other,WEM,ESR,105.50133,105.5003,105.49927,105.49824,105.49721,105.49721,105.49721,105.49721,105.49721,105.49721,105.49808,105.49808,105.49808,105.49808,105.49808,105.49808,105.49808,105.49808,105.49808,105.49808,105.49808,105.49808,105.49808,105.49808,105.49808,105.49808,105.49808,105.49808,105.49808,105.49808,105.501334544529,105.497213666754,105.497213666754
1.A.5. Other,WEM,ETS,0.0,0.0,0.0,0.0,0.0,0.0,0.0,0.0,0.0,0.0,0.0,0.0,0.0,0.0,0.0,0.0,0.0,0.0,0.0,0.0,0.0,0.0,0.0,0.0,0.0,0.0,0.0,0.0,0.0,0.0,0.0,0.0,0.0
1.A.5. Other,WEM,Total,105.50133,105.5003,105.49927,105.49824,105.49721,105.49721,105.49721,105.49721,105.49721,105.49721,105.49808,105.49808,105.49808,105.49808,105.49808,105.49808,105.49808,105.49808,105.49808,105.49808,105.49808,105.49808,105.49808,105.49808,105.49808,105.49808,105.49808,105.49808,105.49808,105.49808,105.501334544529,105.497213666754,105.497213666754
1.B. Fugitive emissions from fuels,WAM,ESR,560.12757,560.09933,560.07109,560.04285,560.01461,560.01461,560.01461,560.01461,560.01461,560.01461,560.014601835029,560.014601835029,560.014601835029,560.014601835029,560.014601835029,560.014601835029,560.014601835029,560.014601835029,560.014601835029,560.014601835029,560.014601835029,560.014601835029,560.014601835029,560.014601835029,560.014601835029,560.014601835029,560.014601835029,560.014601835029,560.014601835029,560.014601835029,560.127573066341,560.014608334774,560.014608334774
1.B. Fugitive emissions from fuels,WAM,ETS,98.06881,102.5322,106.99559,111.45898,115.92237,115.92237,115.92237,115.92237,115.92237,115.92237,115.922368164971,115.922368164971,115.922368164971,115.922368164971,115.922368164971,115.922368164971,115.922368164971,115.922368164971,115.922368164971,115.922368164971,115.922368164971,115.922368164971,115.922368164971,115.922368164971,115.922368164971,115.922368164971,115.922368164971,115.922368164971,115.922368164971,115.922368164971,98.06881,115.922366855341,115.922366855341
1.B. Fugitive emissions from fuels,WAM,Total,658.19638,662.63153,667.06668,671.50183,675.93698,675.93698,675.93698,675.93698,675.93698,675.93698,675.93697,675.93697,675.93697,675.93697,675.93697,675.93697,675.93697,675.93697,675.93697,675.93697,675.93697,675.93697,675.93697,675.93697,675.93697,675.93697,675.93697,675.93697,675.93697,675.93697,658.196383066341,675.936975190114,675.936975190114
1.B. Fugitive emissions from fuels,WEM,ESR,560.12757,560.09933,560.07109,560.04285,560.01461,560.01461,560.01461,560.01461,560.01461,560.01461,560.014601835029,560.014601835029,560.014601835029,560.014601835029,560.014601835029,560.014601835029,560.014601835029,560.014601835029,560.014601835029,560.014601835029,560.014601835029,560.014601835029,560.014601835029,560.014601835029,560.014601835029,560.014601835029,560.014601835029,560.014601835029,560.014601835029,560.014601835029,560.127573066341,560.014608334774,560.014608334774
1.B. Fugitive emissions from fuels,WEM,ETS,98.06881,102.5322,106.99559,111.45898,115.92237,115.92237,115.92237,115.92237,115.92237,115.92237,115.922368164971,115.922368164971,115.922368164971,115.922368164971,115.922368164971,115.922368164971,115.922368164971,115.922368164971,115.922368164971,115.922368164971,115.922368164971,115.922368164971,115.922368164971,115.922368164971,115.922368164971,115.922368164971,115.922368164971,115.922368164971,115.922368164971,115.922368164971,98.06881,115.922366855341,115.922366855341
1.B. Fugitive emissions from fuels,WEM,Total,658.19638,662.63153,667.06668,671.50183,675.93698,675.93698,675.93698,675.93698,675.93698,675.93698,675.93697,675.93697,675.93697,675.93697,675.93697,675.93697,675.93697,675.93697,675.93697,675.93697,675.93697,675.93697,675.93697,675.93697,675.93697,675.93697,675.93697,675.93697,675.93697,675.93697,658.196383066341,675.936975190114,675.936975190114
1.C. CO2 transport and storage,WAM,ESR,0.0,0.0,0.0,0.0,0.0,0.0,0.0,0.0,0.0,0.0,,,,,,,,,,,,,,,,,,,,,0.0,0.0,0.0
1.C. CO2 transport and storage,WAM,ETS,0.0,0.0,0.0,0.0,0.0,0.0,0.0,0.0,0.0,0.0,,,,,,,,,,,,,,,,,,,,,0.0,0.0,0.0
1.C. CO2 transport and storage,WAM,Total,0.0,0.0,0.0,0.0,0.0,0.0,0.0,0.0,0.0,0.0,0.0,0.0,0.0,0.0,0.0,0.0,0.0,0.0,0.0,0.0,0.0,0.0,0.0,0.0,0.0,0.0,0.0,0.0,0.0,0.0,0.0,0.0,0.0
1.C. CO2 transport and storage,WEM,ESR,0.0,0.0,0.0,0.0,0.0,0.0,0.0,0.0,0.0,0.0,,,,,,,,,,,,,,,,,,,,,0.0,0.0,0.0
1.C. CO2 transport and storage,WEM,ETS,0.0,0.0,0.0,0.0,0.0,0.0,0.0,0.0,0.0,0.0,0.0,0.0,0.0,0.0,0.0,0.0,0.0,0.0,0.0,0.0,0.0,0.0,0.0,0.0,0.0,0.0,0.0,0.0,0.0,0.0,0.0,0.0,0.0
1.C. CO2 transport and storage,WEM,Total,0.0,0.0,0.0,0.0,0.0,0.0,0.0,0.0,0.0,0.0,0.0,0.0,0.0,0.0,0.0,0.0,0.0,0.0,0.0,0.0,0.0,0.0,0.0,0.0,0.0,0.0,0.0,0.0,0.0,0.0,0.0,0.0,0.0
2. Industrial processes,WAM,ESR,3103.96595,2856.19425,2608.42255,2360.65086,2112.87916,1924.7692,1736.65924,1548.54928,1360.43931,1172.32935,1129.93598867638,1130.06723600215,1130.19848332792,1130.32973065368,1130.46097797945,1130.83434569454,1131.20771340964,1131.58108112473,1131.95444883982,1132.32781655491,1132.70118427001,1133.0745519851,1133.4479197002,1133.82128741529,1134.19465513038,1134.56802284548,1134.94139056057,1135.31475827566,1135.68812599076,1136.06149370585,3103.96594687703,2112.87916262031,1172.32935059555
2. Industrial processes,WAM,ETS,15078.58274,15077.42933,15076.27592,15075.12252,15073.96911,14041.84356,13009.71802,11977.59248,10945.46693,9913.34139,9912.22862014698,9913.37997164992,9914.53132315285,9915.68267465579,9916.83402615872,9920.10934988367,9923.38467360862,9926.65999733357,9929.93532105852,9933.21064478347,9936.48596850842,9939.76129223337,9943.03661595832,9946.31193968328,9949.58726340822,9952.86258713318,9956.13791085813,9959.41323458307,9962.68855830803,9965.96388203298,15078.5827419579,15073.9691065222,9913.34139174893
2. Industrial processes,WAM,Total,18182.54869,17933.62358,17684.69848,17435.77337,17186.84827,15966.61276,14746.37726,13526.14175,12305.90625,11085.67074,11060.8313670596,11062.1161341192,11063.4009011787,11064.6856682383,11065.9704352979,11069.6252948439,11073.2801543898,11076.9350139358,11080.5898734818,11084.2447330278,11087.8995925737,11091.5544521197,11095.2093116657,11098.8641712116,11102.5190307576,11106.1738903036,11109.8287498496,11113.4836093955,11117.1384689415,11120.7933284875,18182.5486888349,17186.8482691425,11085.6707423445
2. Industrial processes,WEM,ESR,3103.96595,2941.39052,2778.81509,2616.23966,2453.66423,2296.29328,2138.92234,1981.55139,1824.18045,1666.8095,1621.22809321936,1617.94492851061,1614.66176470077,1611.37860089093,1608.09543708109,1607.64939838938,1607.20335969768,1606.75732100597,1606.31128231427,1605.86524272366,1605.41920373232,1604.97316459116,1604.52712545,1604.08108630885,1603.63504716769,1603.18900802653,1602.74296888537,1602.29692974422,1601.85089060306,1601.4048514619,3103.96594687703,2453.66422548207,1666.80950280046
2. Industrial processes,WEM,ETS,15078.58274,15100.78075,15122.97875,15145.17675,15167.37475,15164.38174,15161.38873,15158.39571,15155.4027,15152.40968,15121.8047980453,15091.1814847354,15060.5581798099,15029.9348748844,14999.311569959,14995.1511991533,14990.9908283476,14986.830457542,14982.6700867363,14978.5097075462,14974.3493339458,14970.1889589479,14966.02858395,14961.8682089522,14957.7078339543,14953.5474589564,14949.3870839586,14945.2267089607,14941.0663339628,14936.9059589649,15078.5827419579,15167.3747548695,15152.4096833479
2. Industrial processes,WEM,Total,18182.54869,18042.17126,17901.79383,17761.41641,17621.03898,17460.67502,17300.31106,17139.9471,16979.58314,16819.21919,16762.5240196028,16728.5780699114,16694.6321295142,16660.6861891169,16626.7402487197,16622.1284767459,16617.5167047722,16612.9049327984,16608.2931608246,16603.6813795568,16599.0696044849,16594.4578278641,16589.8460512433,16585.2342746225,16580.6224980016,16576.0107213808,16571.39894476,16566.7871681392,16562.1753915183,16557.5636148975,18182.5486888349,17621.0389803515,16819.2191861484
3. Agriculture,WAM,ESR,9414.18654,9223.72185,9033.25715,8842.79246,8652.32776,8413.7561,8175.18444,7936.61277,7698.04111,7459.46944,7378.52563312842,7297.58257625685,7216.63951938527,7135.6964625137,7054.75340564212,6976.60353651381,6898.45366738549,6820.30379825717,6742.15392912885,6664.00406000053,6585.85419087221,6507.7043217439,6429.55445261558,6351.40458348727,6273.25471435892,6195.10484523061,6116.95497610229,6038.80510697398,5960.65523784566,5882.50536871734,9414.18654370051,8652.3277643344,7459.46944184874
3. Agriculture,WAM,Total,9414.18654,9223.72185,9033.25715,8842.79246,8652.32776,8413.7561,8175.18444,7936.61277,7698.04111,7459.46944,7378.52563312842,7297.58257625685,7216.63951938527,7135.6964625137,7054.75340564212,6976.60353651381,6898.45366738549,6820.30379825717,6742.15392912885,6664.00406000053,6585.85419087221,6507.7043217439,6429.55445261558,6351.40458348727,6273.25471435892,6195.10484523061,6116.95497610229,6038.80510697398,5960.65523784566,5882.50536871734,9414.18654370051,8652.3277643344,7459.46944184874
3. Agriculture,WEM,ESR,9414.18654,9377.96476,9341.74298,9305.52119,9269.29941,9230.33481,9191.37022,9152.40563,9113.44103,9074.47644,9039.9931229468,9005.5085058936,8971.02388783096,8936.53927077775,8902.05465271511,8870.59050064149,8839.12634856787,8807.66219548481,8776.19804341119,8744.73389133757,8713.26973926396,8681.80558719034,8650.34143511672,8618.8772830431,8587.41313096948,8555.94897889585,8524.48482682224,8493.02067474862,8461.556522675,8430.09237060138,9414.18654370051,9269.29940692034,9074.47643874289
3. Agriculture,WEM,Total,9414.18654,9377.96476,9341.74298,9305.52119,9269.29941,9230.33481,9191.37022,9152.40563,9113.44103,9074.47644,9039.9931229468,9005.5085058936,8971.02388783096,8936.53927077776,8902.05465271511,8870.59050064149,8839.12634856787,8807.66219548481,8776.19804341119,8744.73389133757,8713.26973926396,8681.80558719034,8650.34143511672,8618.8772830431,8587.41313096948,8555.94897889585,8524.48482682224,8493.02067474862,8461.556522675,8430.09237060138,9414.18654370051,9269.29940692034,9074.47643874289
"4. Land Use, Land-Use Change and Forestry (LULUCF, reported emissions and removals) (9)",WAM,Total,-324.36834,-462.52717,-600.686,-738.84483,-877.00365,-955.6353,-1034.26695,-1112.8986,-1191.53024,-1270.16189,-1281.10651408204,-1292.30679036501,-1268.15651912788,-1261.92219999428,-1255.64043664085,-1266.98506149469,-1269.30756254838,-1271.60012421512,-1273.86534339827,-1274.0503607598,-1275.62217933575,-1276.84729760809,-1278.07241588044,-1279.29753415278,-1280.52265242512,-1281.74777069746,-1282.97288896981,-1284.19800724215,-1285.42312551449,-1286.64824378683,-324.368341982376,-877.003653669243,-1270.16188947632
"4. Land Use, Land-Use Change and Forestry (LULUCF, reported emissions and removals) (9)",WEM,Total,-324.36834,-425.10349,-525.83864,-626.57379,-727.30893,-802.9758,-878.64268,-954.30955,-1029.97642,-1105.64329,-1121.0196570787,-1136.64470577265,-1114.60432953783,-1109.59826121509,-1104.53414652962,-1118.24302211215,-1123.35596868585,-1128.43198345626,-1133.47417119978,-1135.91961581398,-1140.0962225144,-1143.84003869326,-1147.58385487212,-1151.32767105099,-1155.07148722984,-1158.81530340871,-1162.55911958757,-1166.30293576643,-1170.0467519453,-1173.79056812416,-324.368341982376,-727.308933573775,-1105.64328832176
4.A. Forest land,WAM,Total,-2000.51862,-2014.41387,-2028.30911,-2042.20435,-2056.09959,-2107.61422,-2159.12885,-2210.64348,-2262.15811,-2313.67273,-2307.95819568521,-2302.25995022534,-2293.91298079986,-2285.5828517749,-2277.26956315045,-2270.30520767758,-2263.35741683244,-2256.42619061501,-2249.5115290253,-2242.61343206331,-2235.70429201618,-2228.79791274033,-2221.89153346448,-2214.98515418862,-2208.07877491277,-2201.17239563692,-2194.26601636107,-2187.35963708522,-2180.45325780937,-2173.54687853352,-2000.51862485393,-2056.09959297858,-2313.67273452385
4.A. Forest land,WEM,Total,-2000.51862,-2014.41387,-2028.30911,-2042.20435,-2056.09959,-2107.61422,-2159.12885,-2210.64348,-2262.15811,-2313.67273,-2307.95819507989,-2302.25995027538,-2293.91298141638,-2285.58285194824,-2277.26956313367,-2270.30520726016,-2263.35741677123,-2256.42619040417,-2249.51152942168,-2242.61343256107,-2235.70429295255,-2228.797914031,-2221.89153510945,-2214.98515618791,-2208.07877726636,-2201.17239834481,-2194.26601942327,-2187.35964050172,-2180.45326158017,-2173.54688265862,-2000.51862485393,-2056.09959297858,-2313.67273452385
4.B. Cropland,WAM,Total,688.67684,663.40827,638.13969,612.87111,587.60254,577.37417,567.14581,556.91745,546.68909,536.46073,519.674954170217,502.909257218399,494.863117200904,489.720127701842,484.603764445327,475.144614365651,464.260753014121,453.386689798195,442.520510912434,431.660515127429,420.796397275251,409.93330993987,399.070222604485,388.207135269103,377.344047933718,366.480960598337,355.617873262951,344.75478592757,333.891698592189,323.028611256804,688.676842821909,587.602537144539,536.460725759843
4.B. Cropland,WEM,Total,688.67684,697.43902,706.20119,714.96337,723.72555,713.20839,702.69123,692.17407,681.65691,671.13976,650.140203962907,629.16545126005,619.099314632091,612.665169185484,606.264334471826,594.430449291693,580.814176654345,567.21016207659,553.616011113063,540.029595611049,526.438023134694,512.84773990192,499.257456669153,485.667173436379,472.076890203612,458.486606970838,444.896323738071,431.306040505298,417.715757272524,404.125474039757,688.676842821909,723.725545126857,671.13975515881
4.C. Grassland,WAM,Total,319.59674,268.03626,216.47577,164.91529,113.3548,103.72966,94.10452,84.47937,74.85423,65.22909,64.1476568762971,63.071655098563,59.8524211956044,59.1656943858443,58.4894556596085,58.9043156619754,58.0773342708888,57.2641266436202,56.4646958068191,57.7342134054322,57.6244320471024,57.8594754280084,58.0945188089144,58.3295621898204,58.5646055707263,58.7996489516323,59.0346923325383,59.2697357134443,59.5047790943502,59.7398224752562,319.596744701063,113.354804307583,65.2290883932896
4.C. Grassland,WEM,Total,319.59674,270.34727,221.0978,171.84833,122.59886,114.3319,106.06494,97.79798,89.53102,81.26406,79.9162536915155,78.5757521884217,74.5651752439273,73.7096391809822,72.8671693495632,73.384009074705,72.3537414413675,71.3406334015896,70.3446887224901,71.9262755694683,71.789508065728,72.0823291496673,72.3751502336068,72.6679713175461,72.9607924014855,73.2536134854248,73.5464345693642,73.8392556533035,74.1320767372428,74.4248978211822,319.596744701063,122.598863193378,81.2640603793143
4.D. Wetlands,WAM,Total,1.38157,-3.92301,-9.22758,-14.53216,-19.83673,-20.15932,-20.48192,-20.80451,-21.1271,-21.44969,-21.6484120009724,-21.8510126570444,-12.4261992207278,-14.4748769205892,-16.5293168637243,-23.4037527327456,-24.5491446045024,-25.6993569254465,-26.8543896955761,-28.0142429148934,-29.170882501419,-30.3283254961423,-31.4857684908659,-32.6432114855893,-33.8006544803129,-34.9580974750363,-36.1155404697599,-37.2729834644832,-38.4304264592066,-39.5878694539302,1.38156798949903,-19.836730264231,-21.4496940602835
4.D. Wetlands,WEM,Total,1.38157,-3.92301,-9.22758,-14.53216,-19.83673,-20.15932,-20.48192,-20.80451,-21.1271,-21.44969,-21.6484120006871,-21.8510126562668,-12.4261992231832,-14.4748769194209,-16.5293168642074,-23.403752735325,-24.5491446053097,-25.6993569245215,-26.8543896979474,-28.0142429156135,-29.1708825037863,-30.3283254993323,-31.4857684948784,-32.6432114904242,-33.8006544859702,-34.9580974815162,-36.1155404770623,-37.2729834726083,-38.4304264681544,-39.5878694637004,1.38156798949903,-19.836730264231,-21.4496940602835
4.E. Settlements,WAM,Total,531.21964,492.42309,453.62655,414.83001,376.03347,369.09255,362.15162,355.2107,348.26978,341.32886,342.442628015904,343.589129049084,361.234050989924,367.017692614414,372.834264638576,370.444894380849,374.031719116178,377.646294313068,381.287933846938,384.956026640286,388.606483927315,392.261350090923,395.916216254533,399.571082418141,403.225948581751,406.880814745359,410.535680908968,414.190547072577,417.845413236185,421.500279399795,531.219636669221,376.033466255104,341.328863088333
4.E. Settlements,WEM,Total,531.21964,493.50501,455.79038,418.07575,380.36112,375.31559,370.27006,365.22453,360.17899,355.13346,356.293224804205,357.486097790244,375.844694609087,381.862264119048,387.914095987645,385.42808411546,389.159983296341,392.920755271763,396.709686308462,400.526140511744,404.324245937304,408.126938557295,411.929631177286,415.732323797276,419.535016417268,423.337709037258,427.140401657249,430.94309427724,434.74578689723,438.548479517221,531.219636669221,380.361119482458,355.133462857903
4.F. Other Land,WAM,Total,0.0,0.0,0.0,0.0,0.0,0.0,0.0,0.0,0.0,0.0,0.0,0.0,0.0,0.0,0.0,0.0,0.0,0.0,0.0,0.0,0.0,0.0,0.0,0.0,0.0,0.0,0.0,0.0,0.0,0.0,0.0,0.0,0.0
4.F. Other Land,WEM,Total,0.0,0.0,0.0,0.0,0.0,0.0,0.0,0.0,0.0,0.0,0.0,0.0,0.0,0.0,0.0,0.0,0.0,0.0,0.0,0.0,0.0,0.0,0.0,0.0,0.0,0.0,0.0,0.0,0.0,0.0,0.0,0.0,0.0
4.G. Harvested wood products,WAM,Total,121.94186,121.94186,121.94186,121.94186,121.94186,121.94186,121.94186,121.94186,121.94186,121.94186,121.94186,121.94186,121.94186,121.94186,121.94186,121.94186,121.94186,121.94186,121.94186,121.94186,121.94186,121.94186,121.94186,121.94186,121.94186,121.94186,121.94186,121.94186,121.94186,121.94186,121.941861866347,121.941861866347,121.941861866347
4.G. Harvested wood products,WEM,Total,121.94186,121.94186,121.94186,121.94186,121.94186,121.94186,121.94186,121.94186,121.94186,121.94186,121.94186,121.94186,121.94186,121.94186,121.94186,121.94186,121.94186,121.94186,121.94186,121.94186,121.94186,121.94186,121.94186,121.94186,121.94186,121.94186,121.94186,121.94186,121.94186,121.94186,121.941861866347,121.941861866347,121.941861866347
4.H. Other,WAM,Total,0.0,0.0,0.0,0.0,0.0,0.0,0.0,0.0,0.0,0.0,0.0,0.0,0.0,0.0,0.0,0.0,0.0,0.0,0.0,0.0,0.0,0.0,0.0,0.0,0.0,0.0,0.0,0.0,0.0,0.0,0.0,0.0,0.0
4.H. Other,WEM,Total,0.0,0.0,0.0,0.0,0.0,0.0,0.0,0.0,0.0,0.0,0.0,0.0,0.0,0.0,0.0,0.0,0.0,0.0,0.0,0.0,0.0,0.0,0.0,0.0,0.0,0.0,0.0,0.0,0.0,0.0,0.0,0.0,0.0
5. Waste,WAM,ESR,1019.06577,969.36559,919.66541,869.96523,820.26506,780.7349,741.20475,701.6746,662.14445,622.6143,614.857857288459,607.100151734291,599.342446180122,591.584740625953,583.827035071785,578.90712847124,573.987221870695,569.067315270149,564.147408669604,559.227502069059,554.307595468514,549.387688867969,544.467782267423,539.547875666878,534.627969066333,529.708062465787,524.788155865242,519.868249264697,514.948342664152,510.028436063606,1019.06576570097,820.265055431146,622.614298816832
5. Waste,WAM,ETS,231.75935,239.1314,246.50345,253.8755,261.24754,261.24754,261.24754,261.24754,261.24754,261.24754,257.993020765182,254.737904372991,251.482787980801,248.22767158861,244.97255519642,242.908173078324,240.843790960228,238.779408842131,236.715026724035,234.650644605939,232.586262487843,230.521880369747,228.457498251651,226.393116133554,224.328734015458,222.264351897362,220.199969779266,218.13558766117,216.071205543073,214.006823424977,231.75935455,261.24754185,261.24754185
5. Waste,WAM,Total,1250.82512,1208.49699,1166.16886,1123.84073,1081.5126,1041.98245,1002.45229,962.92214,923.39199,883.86184,872.850878053641,861.838056107282,850.825234160923,839.812412214564,828.799590268205,821.815301549563,814.831012830922,807.846724112281,800.86243539364,793.878146674998,786.893857956357,779.909569237715,772.925280519074,765.940991800432,758.956703081791,751.97241436315,744.988125644508,738.003836925867,731.019548207225,724.035259488584,1250.82512025097,1081.51259728115,883.861840666832
5. Waste,WEM,ESR,1019.06577,969.36559,919.66541,869.96523,820.26506,780.7349,741.20475,701.6746,662.14445,622.6143,614.857857289712,607.100151736796,599.34244618388,591.584740630964,583.827035078048,578.907128439319,573.987221872238,569.067315233509,564.147408666428,559.227502027699,554.307595436735,549.38768883383,544.467782230925,539.54787562802,534.627969025114,529.708062422209,524.788155819305,519.868249216399,514.948342613494,510.028436010589,1019.06576570097,820.265055431146,622.614298816832
5. Waste,WEM,ETS,231.75935,239.1314,246.50345,253.8755,261.24754,261.24754,261.24754,261.24754,261.24754,261.24754,257.993020765707,254.737904374043,251.482787982378,248.227671590713,244.972555199048,242.90817306493,240.843790960875,238.779408826757,236.715026722702,234.650644588585,232.586262474509,230.521880355422,228.457498236336,226.39311611725,224.328733998163,222.264351879077,220.199969759991,218.135587640904,216.071205521817,214.006823402732,231.75935455,261.24754185,261.24754185
5. Waste,WEM,Total,1250.82512,1208.49699,1166.16886,1123.84073,1081.5126,1041.98245,1002.45229,962.92214,923.39199,883.86184,872.850878055419,746.800035900432,737.257203850648,727.714371800864,718.17153975108,712.11951284264,706.067486022334,700.015459113893,693.963432293586,687.911405385146,681.859378535462,675.807351671087,669.755324806715,663.703297942341,657.651271077967,651.599244213593,645.547217349221,639.495190484847,633.443163620473,627.3911367561,1250.82512025097,1081.51259728115,883.861840666832
IB.Aviation,WAM,Total,4575.92094,4669.05168,4762.18241,4855.31315,4948.44388,4951.27062,4954.09736,4956.9241,4959.75084,4962.57758,5001.21263107425,5039.8467321485,5078.48083322275,5117.11493429699,5155.74903537124,5178.59542675099,5201.44181813074,5224.28820951048,5247.13460089023,5269.98099226997,5292.82738364971,5315.67377502946,5338.52016640921,5361.36655778896,5384.2129491687,5407.05934054844,5429.90573192819,5452.75212330794,5475.59851468769,5498.44490606743,4575.92094190566,4948.44387997774,4962.5775794241
IB.Aviation,WEM,Total,4575.92094,4669.05168,4762.18241,4855.31315,4948.44388,4951.27062,4954.09736,4956.9241,4959.75084,4962.57758,5017.9730828935,5073.367635787,5128.76218868049,5184.15674064534,5239.55129353884,5281.05419897026,5322.55710533035,5364.06001076177,5405.5629161932,5447.06582162462,5488.56872705605,5530.07163248747,5571.5745379189,5613.07744335033,5654.58034878175,5696.08325421317,5737.58615964461,5779.08906507603,5820.59197050745,5862.09487593888,4575.92094190566,4948.44387997774,4962.5775794241
IB.Navigation,WAM,Total,25739.79463,27939.36178,30138.92893,32338.49608,34538.06323,34461.59265,34385.12207,34308.65149,34232.1809,34155.71032,34254.1890996015,34352.666999203,34451.1448988045,34549.622798406,34648.1006980075,34803.9026625867,34959.7046271659,35115.5065917451,35271.3085563243,35427.1105209034,35582.9124854826,35738.7144500618,35894.516414641,36050.3183792202,36206.1203437994,36361.9223083785,36517.7242729577,36673.5262375369,36829.3282021161,36985.1301666953,25739.7946267014,34538.0632302959,34155.7103227475
IB.Navigation,WEM,Total,25739.79463,27939.36178,30138.92893,32338.49608,34538.06323,34461.59265,34385.12207,34308.65149,34232.1809,34155.71032,34254.1891069148,34352.6670032972,34451.1448996795,34549.6227960619,34648.1007029767,34803.9026638072,34959.7046246378,35115.5065960007,35271.3085568313,35427.1105281943,35582.9124925356,35738.7144586324,35894.5164247292,36050.3183908259,36206.1203569227,36361.9223230194,36517.7242891163,36673.526255213,36829.3282213097,36985.1301874065,25739.7946267014,34538.0632302959,34155.7103227475
Indirect CO2 (if available) (10),WAM,ESR,0.0,0.0,0.0,0.0,0.0,0.0,0.0,0.0,0.0,0.0,,,,,,,,,,,,,,,,,,,,,,0.0,0.0
Indirect CO2 (if available) (10),WAM,Total,0.0,0.0,0.0,0.0,0.0,0.0,0.0,0.0,0.0,0.0,,,,,,,,,,,,,,,,,,,,,0.0,0.0,0.0
Indirect CO2 (if available) (10),WEM,ESR,0.0,0.0,0.0,0.0,0.0,0.0,0.0,0.0,0.0,0.0,,,,,,,,,,,,,,,,,,,,,0.0,0.0,0.0
Indirect CO2 (if available) (10),WEM,Total,0.0,0.0,0.0,0.0,0.0,0.0,0.0,0.0,0.0,0.0,,,,,,,,,,,,,,,,,,,,,0.0,0.0,0.0
Total excluding LULUCF,WAM,ESR,69540.65632,67840.1026,66139.54887,64438.99515,62738.44142,59552.77946,56367.1175,53181.45554,49995.79358,46810.13162,45663.2425922207,44558.8763098526,43454.5100274845,42350.1437451164,41245.7774627483,40284.8072656811,39323.837068614,38362.8668715469,37401.8966744797,36440.9264774126,35479.9562803455,34518.9860832785,33558.0158862114,32597.0456891443,31636.0754920769,30675.1052950099,29714.1350979428,28753.1649008757,27792.1947038087,26831.2245067415,69540.6563195475,62738.4414233423,46810.1316247733
Total excluding LULUCF,WAM,ETS,41402.73037,41837.23891,42271.74745,42706.25599,43140.76453,41810.13703,40479.50953,39148.88202,37818.25452,36487.62702,36475.5024181613,36465.6391591284,36455.7759000955,36445.9126410626,36436.0493820297,36405.9519764325,36375.8545708352,36345.7571652379,36315.6597596406,36285.5623540433,36255.464948446,36225.3675428487,36195.2701372515,36165.1727316542,36135.0753260569,36104.9779204596,36074.8805148623,36044.783109265,36014.6857036678,35984.5882980705,41402.7303695511,43140.7645340683,36487.6270155201
Total excluding LULUCF,WAM,Total,110951.73135,109684.63396,108417.53657,107150.43918,105883.34179,101367.05232,96850.76286,92334.4734,87818.18393,83301.89447,82168.8023578525,81055.0680801759,79944.7151952639,78834.3623103518,77724.0094254398,76736.034123101,75748.0588207623,74760.0835184235,73772.1082160847,72784.132913746,71796.1576114073,70808.1823090686,69820.2070067298,68832.2317043911,67844.2564020521,66856.2810997134,65868.3057973746,64880.3304950359,63892.3551926973,62904.3798903585,110951.731346546,105883.341787411,83301.8944702934
Total excluding LULUCF,WEM,ESR,69540.65632,69173.85581,68807.0553,68440.25478,68073.45427,67257.32183,66441.18939,65625.05695,64808.92452,63992.79208,63734.509580037,63565.0685698528,63348.8622255254,63132.6558737134,62916.4495226856,62675.1062335992,62433.7629255658,62192.4196270622,61951.0763279978,61709.7330320281,61468.3897339953,61227.0464364782,60985.7031389611,60744.3598414441,60503.016543927,60261.6732464099,60020.3299488928,59778.9866513758,59537.6433538587,59296.3000563416,69540.6563195475,68073.4542718372,63992.792076547
Total excluding LULUCF,WEM,ETS,41402.73037,42054.99132,42707.25227,43359.51322,44011.77417,43743.21847,43474.66277,43206.10707,42937.55137,42668.99567,42795.5163473247,42922.3311905347,43048.8333527097,43175.3355165098,43301.8376802787,43236.8432827303,43171.8488799347,43106.8544823301,43041.8600847877,42976.865685647,42911.8712875719,42846.8768892303,42781.8824908888,42716.8880925473,42651.8936942057,42586.8992958641,42521.9048975226,42456.9104991811,42391.9161008395,42326.921702498,41402.7303695511,44011.7741743766,42668.9956748131
Total excluding LULUCF,WEM,Total,110951.73135,111236.13958,111520.54781,111804.95604,112089.36428,111004.67614,109919.988,108835.29986,107750.61172,106665.92358,106554.359481967,106397.052262188,106309.487725141,106221.923182235,106134.358640137,105829.652811628,105524.946958967,105220.241121042,104915.535282545,104610.829445605,104306.123607628,104001.417769909,103696.711932191,103392.006094473,103087.300256755,102782.594419036,102477.888581318,102173.1827436,101868.476905882,101563.771068164,110951.731346546,112089.364276214,106665.92358136
Total including LULUCF,WAM,ESR,69540.65632,67840.1026,66139.54887,64438.99515,62738.44142,59552.77946,56367.1175,53181.45554,49995.79358,46810.13162,45663.2425922207,44558.8763098526,43454.5100274845,42350.1437451164,41245.7774627483,40284.8072656811,39323.837068614,38362.8668715469,37401.8966744797,36440.9264774126,35479.9562803455,34518.9860832785,33558.0158862114,32597.0456891443,31636.0754920769,30675.1052950099,29714.1350979428,28753.1649008757,27792.1947038087,26831.2245067415,69540.6563195475,62738.4414233423,46810.1316247733
Total including LULUCF,WAM,ETS,41402.73037,41837.23891,42271.74745,42706.25599,43140.76453,41810.13703,40479.50953,39148.88202,37818.25452,36487.62702,36475.5024181613,36465.6391591284,36455.7759000955,36445.9126410626,36436.0493820297,36405.9519764325,36375.8545708352,36345.7571652379,36315.6597596406,36285.5623540433,36255.464948446,36225.3675428487,36195.2701372515,36165.1727316542,36135.0753260569,36104.9779204596,36074.8805148623,36044.783109265,36014.6857036678,35984.5882980705,41402.7303695511,43140.7645340683,36487.6270155201
Total including LULUCF,WAM,Total,110627.363,109222.10679,107816.85057,106411.59435,105006.33813,100411.41702,95816.49591,91221.5748,86626.65369,82031.73258,80884.3144510059,79762.7612898109,78676.558676136,77572.4401103576,76468.368988799,75469.0490616063,74478.7512582139,73488.4833942084,72498.2428726865,71510.0825529861,70520.5354320715,69531.3350114605,68542.1345908494,67552.9341702383,66563.733749627,65574.533329016,64585.3329084048,63596.1324877938,62606.9320671828,61617.7316465716,110627.363004564,105006.338133741,82031.7325808171
Total including LULUCF,WEM,ESR,69540.65632,69173.85581,68807.0553,68440.25478,68073.45427,67257.32183,66441.18939,65625.05695,64808.92452,63992.79208,63734.509580037,63565.0685698528,63348.8622255254,63132.6558737134,62916.4495226856,62675.1062335992,62433.7629255658,62192.4196270622,61951.0763279978,61709.7330320281,61468.3897339953,61227.0464364782,60985.7031389611,60744.3598414441,60503.016543927,60261.6732464099,60020.3299488928,59778.9866513758,59537.6433538587,59296.3000563416,69540.6563195475,68073.4542718372,63992.792076547
Total including LULUCF,WEM,ETS,41402.73037,42054.99132,42707.25227,43359.51322,44011.77417,43743.21847,43474.66277,43206.10707,42937.55137,42668.99567,42795.5163473247,42922.3311905347,43048.8333527097,43175.3355165098,43301.8376802787,43236.8432827303,43171.8488799347,43106.8544823301,43041.8600847877,42976.865685647,42911.8712875719,42846.8768892303,42781.8824908888,42716.8880925473,42651.8936942057,42586.8992958641,42521.9048975226,42456.9104991811,42391.9161008395,42326.921702498,41402.7303695511,44011.7741743766,42668.9956748131
Total including LULUCF,WEM,Total,110627.363,110811.03609,110994.70917,111178.38226,111362.05534,110201.70033,109041.34532,107880.99031,106720.6353,105560.28029,105433.339824888,105260.407556415,105194.883395603,105112.32492102,105029.824493607,104711.409789516,104401.590990282,104091.809137585,103782.061111345,103474.909829791,103166.027385113,102857.577731216,102549.128077319,102240.678423422,101932.228769525,101623.779115628,101315.329461731,101006.879807834,100698.430153937,100389.980500039,110627.363004564,111362.05534264,105560.280293038
