Category,Scenario,Gas,Gapfilled 2021,Gapfilled 2022,Gapfilled 2023,Gapfilled 2024,Gapfilled 2025,Gapfilled 2026,Gapfilled 2027,Gapfilled 2028,Gapfilled 2029,Gapfilled 2030,Gapfilled 2031,Gapfilled 2032,Gapfilled 2033,Gapfilled 2034,Gapfilled 2035,Gapfilled 2036,Gapfilled 2037,Gapfilled 2038,Gapfilled 2039,Gapfilled 2040,Gapfilled 2041,Gapfilled 2042,Gapfilled 2043,Gapfilled 2044,Gapfilled 2045,Gapfilled 2046,Gapfilled 2047,Gapfilled 2048,Gapfilled 2049,Gapfilled 2050,Reported Value 2025,Reported Value 2030,Reported Value 2035,Reported Value 2040
1. Energy,WAM,ESR,24990.06,24975.02,24959.98,24944.94,24929.9,24506.26,24082.62,23658.98,23235.34,22811.7,22528.88,22246.06,21963.24,21680.42,21397.6,21134.1,20870.6,20607.1,20343.6,20080.1,20080.1,20080.1,20080.1,20080.1,20080.1,20080.1,20080.1,20080.1,20080.1,20080.1,,,,
1. Energy,WAM,ETS,27503.98,25694.26,23884.54,22074.82,20265.1,18933.66,17602.22,16270.78,14939.34,13607.9,13248.26,12888.62,12528.98,12169.34,11809.7,11676.18,11542.66,11409.14,11275.62,11142.1,11142.1,11142.1,11142.1,11142.1,11142.1,11142.1,11142.1,11142.1,11142.1,11142.1,,,,
1. Energy,WAM,Total,52813.52,51068.84,49324.16,47579.48,45834.8,44083.58,42332.36,40581.14,38829.92,37078.7,36440.32,35801.94,35163.56,34525.18,33886.8,33494.44,33102.08,32709.72,32317.36,31925.0,31925.0,31925.0,31925.0,31925.0,31925.0,31925.0,31925.0,31925.0,31925.0,31925.0,,,,
1. Energy,WEM,ESR,24990.06,24975.02,24959.98,24944.94,24929.9,24506.26,24082.62,23658.98,23235.34,22811.7,22528.88,22246.06,21963.24,21680.42,21397.6,21134.1,20870.6,20607.1,20343.6,20080.1,20080.1,20080.1,20080.1,20080.1,20080.1,20080.1,20080.1,20080.1,20080.1,20080.1,24929.8799413447,22811.6561658548,21397.6068605498,20080.0652654037
1. Energy,WEM,ETS,27503.98,25694.26,23884.54,22074.82,20265.1,18933.66,17602.22,16270.78,14939.34,13607.9,13248.26,12888.62,12528.98,12169.34,11809.7,11676.18,11542.66,11409.14,11275.62,11142.1,11142.1,11142.1,11142.1,11142.1,11142.1,11142.1,11142.1,11142.1,11142.1,11142.1,20265.0645622491,13607.9343425288,11809.7235927514,11142.0661231315
1. Energy,WEM,Total,52813.52,51068.84,49324.16,47579.48,45834.8,44083.58,42332.36,40581.14,38829.92,37078.7,36440.32,35801.94,35163.56,34525.18,33886.8,33494.44,33102.08,32709.72,32317.36,31925.0,31925.0,31925.0,31925.0,31925.0,31925.0,31925.0,31925.0,31925.0,31925.0,31925.0,45834.751192631,37078.7332911019,33886.8184137997,31925.0025753469
1.A.1. Energy industries,WAM,ESR,123.42,112.24,101.06,89.88,78.7,72.66,66.62,60.58,54.54,48.5,47.1,45.7,44.3,42.9,41.5,42.02,42.54,43.06,43.58,44.1,44.1,44.1,44.1,44.1,44.1,44.1,44.1,44.1,44.1,44.1,,,,
1.A.1. Energy industries,WAM,ETS,24496.76,22692.82,20888.88,19084.94,17281.0,15980.06,14679.12,13378.18,12077.24,10776.3,10416.76,10057.22,9697.68,9338.14,8978.6,8940.16,8901.72,8863.28,8824.84,8786.4,8786.4,8786.4,8786.4,8786.4,8786.4,8786.4,8786.4,8786.4,8786.4,8786.4,,,,
1.A.1. Energy industries,WAM,Total,24620.18,22805.06,20989.94,19174.82,17359.7,16052.7,14745.7,13438.7,12131.7,10824.7,10463.78,10102.86,9741.94,9381.02,9020.1,8982.18,8944.26,8906.34,8868.42,8830.5,8830.5,8830.5,8830.5,8830.5,8830.5,8830.5,8830.5,8830.5,8830.5,8830.5,,,,
1.A.1. Energy industries,WEM,ESR,123.42,112.24,101.06,89.88,78.7,72.66,66.62,60.58,54.54,48.5,47.1,45.7,44.3,42.9,41.5,42.02,42.54,43.06,43.58,44.1,44.1,44.1,44.1,44.1,44.1,44.1,44.1,44.1,44.1,44.1,78.7173093559068,48.4546120705109,41.5080422857154,44.1145443523437
1.A.1. Energy industries,WEM,ETS,24496.76,22692.82,20888.88,19084.94,17281.0,15980.06,14679.12,13378.18,12077.24,10776.3,10416.76,10057.22,9697.68,9338.14,8978.6,8940.16,8901.72,8863.28,8824.84,8786.4,8786.4,8786.4,8786.4,8786.4,8786.4,8786.4,8786.4,8786.4,8786.4,8786.4,17281.0210385002,10776.2631364688,8978.60393533503,8786.41680509618
1.A.1. Energy industries,WEM,Total,24620.18,22805.06,20989.94,19174.82,17359.7,16052.7,14745.7,13438.7,12131.7,10824.7,10463.78,10102.86,9741.94,9381.02,9020.1,8982.18,8944.26,8906.34,8868.42,8830.5,8830.5,8830.5,8830.5,8830.5,8830.5,8830.5,8830.5,8830.5,8830.5,8830.5,17359.7383478561,10824.7177485393,9020.11197762075,8830.53134944853
1.A.2. Manufacturing industries and construction,WAM,ESR,2146.8,2080.8,2014.8,1948.8,1882.8,1838.9,1795.0,1751.1,1707.2,1663.3,1636.22,1609.14,1582.06,1554.98,1527.9,1536.7,1545.5,1554.3,1563.1,1571.9,1571.9,1571.9,1571.9,1571.9,1571.9,1571.9,1571.9,1571.9,1571.9,1571.9,,,,
1.A.2. Manufacturing industries and construction,WAM,ETS,2932.2,2926.4,2920.6,2914.8,2909.0,2878.54,2848.08,2817.62,2787.16,2756.7,2756.58,2756.46,2756.34,2756.22,2756.1,2661.0,2565.9,2470.8,2375.7,2280.6,2280.6,2280.6,2280.6,2280.6,2280.6,2280.6,2280.6,2280.6,2280.6,2280.6,,,,
1.A.2. Manufacturing industries and construction,WAM,Total,5079.0,5007.2,4935.4,4863.6,4791.8,4717.42,4643.04,4568.66,4494.28,4419.9,4392.74,4365.58,4338.42,4311.26,4284.1,4197.78,4111.46,4025.14,3938.82,3852.5,3852.5,3852.5,3852.5,3852.5,3852.5,3852.5,3852.5,3852.5,3852.5,3852.5,,,,
1.A.2. Manufacturing industries and construction,WEM,ESR,2146.8,2080.8,2014.8,1948.8,1882.8,1838.9,1795.0,1751.1,1707.2,1663.3,1636.22,1609.14,1582.06,1554.98,1527.9,1536.7,1545.5,1554.3,1563.1,1571.9,1571.9,1571.9,1571.9,1571.9,1571.9,1571.9,1571.9,1571.9,1571.9,1571.9,1882.7662156231,1663.25009401055,1527.94159196071,1571.85898110422
1.A.2. Manufacturing industries and construction,WEM,ETS,2932.2,2926.4,2920.6,2914.8,2909.0,2878.54,2848.08,2817.62,2787.16,2756.7,2756.58,2756.46,2756.34,2756.22,2756.1,2661.0,2565.9,2470.8,2375.7,2280.6,2280.6,2280.6,2280.6,2280.6,2280.6,2280.6,2280.6,2280.6,2280.6,2280.6,2909.04352374897,2756.67120606005,2756.11965741632,2280.64931803531
1.A.2. Manufacturing industries and construction,WEM,Total,5079.0,5007.2,4935.4,4863.6,4791.8,4717.42,4643.04,4568.66,4494.28,4419.9,4392.74,4365.58,4338.42,4311.26,4284.1,4197.78,4111.46,4025.14,3938.82,3852.5,3852.5,3852.5,3852.5,3852.5,3852.5,3852.5,3852.5,3852.5,3852.5,3852.5,4791.80973937207,4419.92130007061,4284.06124937702,3852.50829913952
1.A.3. Transport,WAM,ESR,15746.28,16109.06,16471.84,16834.62,17197.4,16991.54,16785.68,16579.82,16373.96,16168.1,15951.66,15735.22,15518.78,15302.34,15085.9,14903.7,14721.5,14539.3,14357.1,14174.9,14174.9,14174.9,14174.9,14174.9,14174.9,14174.9,14174.9,14174.9,14174.9,14174.9,,,,
1.A.3. Transport,WAM,Total,16065.84,16508.68,16951.52,17394.36,17837.2,17635.2,17433.2,17231.2,17029.2,16827.2,16614.84,16402.48,16190.12,15977.76,15765.4,15587.88,15410.36,15232.84,15055.32,14877.8,14877.8,14877.8,14877.8,14877.8,14877.8,14877.8,14877.8,14877.8,14877.8,14877.8,,,,
1.A.3. Transport,WEM,ESR,15746.28,16109.06,16471.84,16834.62,17197.4,16991.54,16785.68,16579.82,16373.96,16168.1,15951.66,15735.22,15518.78,15302.34,15085.9,14903.7,14721.5,14539.3,14357.1,14174.9,14174.9,14174.9,14174.9,14174.9,14174.9,14174.9,14174.9,14174.9,14174.9,14174.9,17197.3946676452,16168.0954116919,15085.9394096103,14174.9021309385
1.A.3. Transport,WEM,Total,16065.84,16508.68,16951.52,17394.36,17837.2,17635.2,17433.2,17231.2,17029.2,16827.2,16614.84,16402.48,16190.12,15977.76,15765.4,15587.88,15410.36,15232.84,15055.32,14877.8,14877.8,14877.8,14877.8,14877.8,14877.8,14877.8,14877.8,14877.8,14877.8,14877.8,17837.2013566824,16827.2381944101,15765.4273701088,14877.7733177502
1.A.3.a. Domestic aviation,WAM,ESR,4.66,4.72,4.78,4.84,4.9,4.92,4.94,4.96,4.98,5.0,5.04,5.08,5.12,5.16,5.2,5.24,5.28,5.32,5.36,5.4,5.4,5.4,5.4,5.4,5.4,5.4,5.4,5.4,5.4,5.4,,,,
1.A.3.a. Domestic aviation,WAM,Total,324.14,404.28,484.42,564.56,644.7,648.6,652.5,656.4,660.3,664.2,668.3,672.4,676.5,680.6,684.7,689.4,694.1,698.8,703.5,708.2,708.2,708.2,708.2,708.2,708.2,708.2,708.2,708.2,708.2,708.2,,,,
1.A.3.a. Domestic aviation,WEM,ESR,4.66,4.72,4.78,4.84,4.9,4.92,4.94,4.96,4.98,5.0,5.04,5.08,5.12,5.16,5.2,5.24,5.28,5.32,5.36,5.4,5.4,5.4,5.4,5.4,5.4,5.4,5.4,5.4,5.4,5.4,4.87283587672118,5.02010162529689,5.17505266582953,5.35314180751061
1.A.3.a. Domestic aviation,WEM,Total,324.14,404.28,484.42,564.56,644.7,648.6,652.5,656.4,660.3,664.2,668.3,672.4,676.5,680.6,684.7,689.4,694.1,698.8,703.5,708.2,708.2,708.2,708.2,708.2,708.2,708.2,708.2,708.2,708.2,708.2,644.679524913861,664.162884343524,684.663013164344,708.224328619225
1.A.3.b. Road transportation,WAM,ESR,13536.14,13842.78,14149.42,14456.06,14762.7,14522.76,14282.82,14042.88,13802.94,13563.0,13310.24,13057.48,12804.72,12551.96,12299.2,12076.62,11854.04,11631.46,11408.88,11186.3,11186.3,11186.3,11186.3,11186.3,11186.3,11186.3,11186.3,11186.3,11186.3,11186.3,,,,
1.A.3.b. Road transportation,WAM,Total,13536.14,13842.78,14149.42,14456.06,14762.7,14522.76,14282.82,14042.88,13802.94,13563.0,13310.24,13057.48,12804.72,12551.96,12299.2,12076.62,11854.04,11631.46,11408.88,11186.3,11186.3,11186.3,11186.3,11186.3,11186.3,11186.3,11186.3,11186.3,11186.3,11186.3,,,,
1.A.3.b. Road transportation,WEM,ESR,13536.14,13842.78,14149.42,14456.06,14762.7,14522.76,14282.82,14042.88,13802.94,13563.0,13310.24,13057.48,12804.72,12551.96,12299.2,12076.62,11854.04,11631.46,11408.88,11186.3,11186.3,11186.3,11186.3,11186.3,11186.3,11186.3,11186.3,11186.3,11186.3,11186.3,14762.6953672104,13563.0282207933,12299.2348238748,11186.251411695
1.A.3.b. Road transportation,WEM,Total,13536.14,13842.78,14149.42,14456.06,14762.7,14522.76,14282.82,14042.88,13802.94,13563.0,13310.24,13057.48,12804.72,12551.96,12299.2,12076.62,11854.04,11631.46,11408.88,11186.3,11186.3,11186.3,11186.3,11186.3,11186.3,11186.3,11186.3,11186.3,11186.3,11186.3,14762.6953672104,13563.0282207933,12299.2348238748,11186.251411695
1.A.3.c. Railways,WAM,ESR,37.16,36.42,35.68,34.94,34.2,32.46,30.72,28.98,27.24,25.5,22.34,19.18,16.02,12.86,9.7,9.7,9.7,9.7,9.7,9.7,9.7,9.7,9.7,9.7,9.7,9.7,9.7,9.7,9.7,9.7,,,,
1.A.3.c. Railways,WAM,Total,37.16,36.42,35.68,34.94,34.2,32.46,30.72,28.98,27.24,25.5,22.34,19.18,16.02,12.86,9.7,9.7,9.7,9.7,9.7,9.7,9.7,9.7,9.7,9.7,9.7,9.7,9.7,9.7,9.7,9.7,,,,
1.A.3.c. Railways,WEM,ESR,37.16,36.42,35.68,34.94,34.2,32.46,30.72,28.98,27.24,25.5,22.34,19.18,16.02,12.86,9.7,9.7,9.7,9.7,9.7,9.7,9.7,9.7,9.7,9.7,9.7,9.7,9.7,9.7,9.7,9.7,34.1906694664486,25.4678585583031,9.65673625931344,9.65673625931344
1.A.3.c. Railways,WEM,Total,37.16,36.42,35.68,34.94,34.2,32.46,30.72,28.98,27.24,25.5,22.34,19.18,16.02,12.86,9.7,9.7,9.7,9.7,9.7,9.7,9.7,9.7,9.7,9.7,9.7,9.7,9.7,9.7,9.7,9.7,34.1906694664486,25.4678585583031,9.65673625931344,9.65673625931344
1.A.3.d. Domestic navigation,WAM,ESR,2168.4,2225.2,2282.0,2338.8,2395.6,2431.4,2467.2,2503.0,2538.8,2574.6,2614.06,2653.52,2692.98,2732.44,2771.9,2812.24,2852.58,2892.92,2933.26,2973.6,2973.6,2973.6,2973.6,2973.6,2973.6,2973.6,2973.6,2973.6,2973.6,2973.6,,,,
1.A.3.d. Domestic navigation,WAM,Total,2168.4,2225.2,2282.0,2338.8,2395.6,2431.4,2467.2,2503.0,2538.8,2574.6,2614.06,2653.52,2692.98,2732.44,2771.9,2812.24,2852.58,2892.92,2933.26,2973.6,2973.6,2973.6,2973.6,2973.6,2973.6,2973.6,2973.6,2973.6,2973.6,2973.6,,,,
1.A.3.d. Domestic navigation,WEM,ESR,2168.4,2225.2,2282.0,2338.8,2395.6,2431.4,2467.2,2503.0,2538.8,2574.6,2614.06,2653.52,2692.98,2732.44,2771.9,2812.24,2852.58,2892.92,2933.26,2973.6,2973.6,2973.6,2973.6,2973.6,2973.6,2973.6,2973.6,2973.6,2973.6,2973.6,2395.63579509164,2574.57923071493,2771.87279681034,2973.64084117667
1.A.3.d. Domestic navigation,WEM,Total,2168.4,2225.2,2282.0,2338.8,2395.6,2431.4,2467.2,2503.0,2538.8,2574.6,2614.06,2653.52,2692.98,2732.44,2771.9,2812.24,2852.58,2892.92,2933.26,2973.6,2973.6,2973.6,2973.6,2973.6,2973.6,2973.6,2973.6,2973.6,2973.6,2973.6,2395.63579509164,2574.57923071493,2771.87279681034,2973.64084117667
1.A.4. Other sectors,WAM,ESR,6254.7,6002.8,5750.9,5499.0,5247.1,5116.04,4984.98,4853.92,4722.86,4591.8,4557.18,4522.56,4487.94,4453.32,4418.7,4329.0,4239.3,4149.6,4059.9,3970.2,3970.2,3970.2,3970.2,3970.2,3970.2,3970.2,3970.2,3970.2,3970.2,3970.2,,,,
1.A.4. Other sectors,WAM,ETS,75.0,75.0,75.0,75.0,75.0,75.0,75.0,75.0,75.0,75.0,75.0,75.0,75.0,75.0,75.0,75.0,75.0,75.0,75.0,75.0,75.0,75.0,75.0,75.0,75.0,75.0,75.0,75.0,75.0,75.0,,,,
1.A.4. Other sectors,WAM,Total,6329.7,6077.8,5825.9,5574.0,5322.1,5191.04,5059.98,4928.92,4797.86,4666.8,4632.18,4597.56,4562.94,4528.32,4493.7,4404.0,4314.3,4224.6,4134.9,4045.2,4045.2,4045.2,4045.2,4045.2,4045.2,4045.2,4045.2,4045.2,4045.2,4045.2,,,,
1.A.4. Other sectors,WEM,ESR,6254.7,6002.8,5750.9,5499.0,5247.1,5116.04,4984.98,4853.92,4722.86,4591.8,4557.18,4522.56,4487.94,4453.32,4418.7,4329.0,4239.3,4149.6,4059.9,3970.2,3970.2,3970.2,3970.2,3970.2,3970.2,3970.2,3970.2,3970.2,3970.2,3970.2,5247.060936534,4591.79686530688,4418.72646235302,3970.15713618729
1.A.4. Other sectors,WEM,ETS,75.0,75.0,75.0,75.0,75.0,75.0,75.0,75.0,75.0,75.0,75.0,75.0,75.0,75.0,75.0,75.0,75.0,75.0,75.0,75.0,75.0,75.0,75.0,75.0,75.0,75.0,75.0,75.0,75.0,75.0,75.0,75.0,75.0,75.0
1.A.4. Other sectors,WEM,Total,6329.7,6077.8,5825.9,5574.0,5322.1,5191.04,5059.98,4928.92,4797.86,4666.8,4632.18,4597.56,4562.94,4528.32,4493.7,4404.0,4314.3,4224.6,4134.9,4045.2,4045.2,4045.2,4045.2,4045.2,4045.2,4045.2,4045.2,4045.2,4045.2,4045.2,5322.060936534,4666.79686530688,4493.72646235302,4045.15713618729
1.A.5. Other,WAM,ESR,202.7,202.7,202.7,202.7,202.7,202.7,202.7,202.7,202.7,202.7,202.7,202.7,202.7,202.7,202.7,202.7,202.7,202.7,202.7,202.7,202.7,202.7,202.7,202.7,202.7,202.7,202.7,202.7,202.7,202.7,,,,
1.A.5. Other,WAM,Total,202.7,202.7,202.7,202.7,202.7,202.7,202.7,202.7,202.7,202.7,202.7,202.7,202.7,202.7,202.7,202.7,202.7,202.7,202.7,202.7,202.7,202.7,202.7,202.7,202.7,202.7,202.7,202.7,202.7,202.7,,,,
1.A.5. Other,WEM,ESR,202.7,202.7,202.7,202.7,202.7,202.7,202.7,202.7,202.7,202.7,202.7,202.7,202.7,202.7,202.7,202.7,202.7,202.7,202.7,202.7,202.7,202.7,202.7,202.7,202.7,202.7,202.7,202.7,202.7,202.7,202.706,202.706,202.706,202.706
1.A.5. Other,WEM,Total,202.7,202.7,202.7,202.7,202.7,202.7,202.7,202.7,202.7,202.7,202.7,202.7,202.7,202.7,202.7,202.7,202.7,202.7,202.7,202.7,202.7,202.7,202.7,202.7,202.7,202.7,202.7,202.7,202.7,202.7,202.706,202.706,202.706,202.706
1.B. Fugitive emissions from fuels,WAM,ESR,516.08,467.36,418.64,369.92,321.2,284.44,247.68,210.92,174.16,137.4,134.08,130.76,127.44,124.12,120.8,119.9,119.0,118.1,117.2,116.3,116.3,116.3,116.3,116.3,116.3,116.3,116.3,116.3,116.3,116.3,,,,
1.B. Fugitive emissions from fuels,WAM,Total,516.08,467.36,418.64,369.92,321.2,284.44,247.68,210.92,174.16,137.4,134.08,130.76,127.44,124.12,120.8,119.9,119.0,118.1,117.2,116.3,116.3,116.3,116.3,116.3,116.3,116.3,116.3,116.3,116.3,116.3,,,,
1.B. Fugitive emissions from fuels,WEM,ESR,516.08,467.36,418.64,369.92,321.2,284.44,247.68,210.92,174.16,137.4,134.08,130.76,127.44,124.12,120.8,119.9,119.0,118.1,117.2,116.3,116.3,116.3,116.3,116.3,116.3,116.3,116.3,116.3,116.3,116.3,321.23481218651,137.353182775,120.785354340085,116.326472821331
1.B. Fugitive emissions from fuels,WEM,Total,516.08,467.36,418.64,369.92,321.2,284.44,247.68,210.92,174.16,137.4,134.08,130.76,127.44,124.12,120.8,119.9,119.0,118.1,117.2,116.3,116.3,116.3,116.3,116.3,116.3,116.3,116.3,116.3,116.3,116.3,321.23481218651,137.353182775,120.785354340085,116.326472821331
2. Industrial processes,WAM,ESR,4760.36,4603.32,4446.28,4289.24,4132.2,4028.18,3924.16,3820.14,3716.12,3612.1,3628.96,3645.82,3662.68,3679.54,3696.4,3691.64,3686.88,3682.12,3677.36,3672.6,3672.6,3672.6,3672.6,3672.6,3672.6,3672.6,3672.6,3672.6,3672.6,3672.6,,,,
2. Industrial processes,WAM,ETS,5894.7,5846.9,5799.1,5751.3,5703.5,5691.08,5678.66,5666.24,5653.82,5641.4,5645.72,5650.04,5654.36,5658.68,5663.0,5649.48,5635.96,5622.44,5608.92,5595.4,5595.4,5595.4,5595.4,5595.4,5595.4,5595.4,5595.4,5595.4,5595.4,5595.4,,,,
2. Industrial processes,WAM,Total,10655.04,10450.18,10245.32,10040.46,9835.6,9719.18,9602.76,9486.34,9369.92,9253.5,9274.66,9295.82,9316.98,9338.14,9359.3,9341.04,9322.78,9304.52,9286.26,9268.0,9268.0,9268.0,9268.0,9268.0,9268.0,9268.0,9268.0,9268.0,9268.0,9268.0,,,,
2. Industrial processes,WEM,ESR,4760.36,4603.32,4446.28,4289.24,4132.2,4028.18,3924.16,3820.14,3716.12,3612.1,3628.96,3645.82,3662.68,3679.54,3696.4,3691.64,3686.88,3682.12,3677.36,3672.6,3672.6,3672.6,3672.6,3672.6,3672.6,3672.6,3672.6,3672.6,3672.6,3672.6,4132.17154081004,3612.11105584299,3696.35429422962,3672.57792049645
2. Industrial processes,WEM,ETS,5894.7,5846.9,5799.1,5751.3,5703.5,5691.08,5678.66,5666.24,5653.82,5641.4,5645.72,5650.04,5654.36,5658.68,5663.0,5649.48,5635.96,5622.44,5608.92,5595.4,5595.4,5595.4,5595.4,5595.4,5595.4,5595.4,5595.4,5595.4,5595.4,5595.4,5703.46289537534,5641.40058480877,5662.95578638762,5595.40447104164
2. Industrial processes,WEM,Total,10655.04,10450.18,10245.32,10040.46,9835.6,9719.18,9602.76,9486.34,9369.92,9253.5,9274.66,9295.82,9316.98,9338.14,9359.3,9341.04,9322.78,9304.52,9286.26,9268.0,9268.0,9268.0,9268.0,9268.0,9268.0,9268.0,9268.0,9268.0,9268.0,9268.0,9835.63443618538,9253.51164065177,9359.31008061724,9267.98239153809
3. Agriculture,WAM,ESR,8329.96,8440.32,8550.68,8661.04,8771.4,8884.58,8997.76,9110.94,9224.12,9337.3,9459.18,9581.06,9702.94,9824.82,9946.7,10043.84,10140.98,10238.12,10335.26,10432.4,10432.4,10432.4,10432.4,10432.4,10432.4,10432.4,10432.4,10432.4,10432.4,10432.4,,,,
3. Agriculture,WAM,Total,8329.96,8440.32,8550.68,8661.04,8771.4,8884.58,8997.76,9110.94,9224.12,9337.3,9459.18,9581.06,9702.94,9824.82,9946.7,10043.84,10140.98,10238.12,10335.26,10432.4,10432.4,10432.4,10432.4,10432.4,10432.4,10432.4,10432.4,10432.4,10432.4,10432.4,,,,
3. Agriculture,WEM,ESR,8329.96,8440.32,8550.68,8661.04,8771.4,8884.58,8997.76,9110.94,9224.12,9337.3,9459.18,9581.06,9702.94,9824.82,9946.7,10043.84,10140.98,10238.12,10335.26,10432.4,10432.4,10432.4,10432.4,10432.4,10432.4,10432.4,10432.4,10432.4,10432.4,10432.4,8771.41878072404,9337.253976985,9946.72725825362,10432.3993096801
3. Agriculture,WEM,Total,8329.96,8440.32,8550.68,8661.04,8771.4,8884.58,8997.76,9110.94,9224.12,9337.3,9459.18,9581.06,9702.94,9824.82,9946.7,10043.84,10140.98,10238.12,10335.26,10432.4,10432.4,10432.4,10432.4,10432.4,10432.4,10432.4,10432.4,10432.4,10432.4,10432.4,8771.41878072404,9337.253976985,9946.72725825362,10432.3993096801
"4. Land Use, Land-Use Change and Forestry (LULUCF, reported emissions and removals) (9)",WAM,Total,-5218.62,-5021.04,-4823.46,-4625.88,-4428.3,-4498.6,-4568.9,-4639.2,-4709.5,-4779.8,-4852.56,-4925.32,-4998.08,-5070.84,-5143.6,-5234.72,-5325.84,-5416.96,-5508.08,-5599.2,-5599.2,-5599.2,-5599.2,-5599.2,-5599.2,-5599.2,-5599.2,-5599.2,-5599.2,-5599.2,,,,
"4. Land Use, Land-Use Change and Forestry (LULUCF, reported emissions and removals) (9)",WEM,Total,-5218.62,-5021.04,-4823.46,-4625.88,-4428.3,-4498.6,-4568.9,-4639.2,-4709.5,-4779.8,-4852.56,-4925.32,-4998.08,-5070.84,-5143.6,-5234.72,-5325.84,-5416.96,-5508.08,-5599.2,-5599.2,-5599.2,-5599.2,-5599.2,-5599.2,-5599.2,-5599.2,-5599.2,-5599.2,-5599.2,-4428.30959723573,-4779.81424276791,-5143.64475031189,-5599.23594936898
4.A. Forest land,WAM,Total,-2255.0,-2253.1,-2251.2,-2249.3,-2247.4,-2331.02,-2414.64,-2498.26,-2581.88,-2665.5,-2747.28,-2829.06,-2910.84,-2992.62,-3074.4,-3174.64,-3274.88,-3375.12,-3475.36,-3575.6,-3575.6,-3575.6,-3575.6,-3575.6,-3575.6,-3575.6,-3575.6,-3575.6,-3575.6,-3575.6,,,,
4.A. Forest land,WEM,Total,-2255.0,-2253.1,-2251.2,-2249.3,-2247.4,-2331.02,-2414.64,-2498.26,-2581.88,-2665.5,-2747.28,-2829.06,-2910.84,-2992.62,-3074.4,-3174.64,-3274.88,-3375.12,-3475.36,-3575.6,-3575.6,-3575.6,-3575.6,-3575.6,-3575.6,-3575.6,-3575.6,-3575.6,-3575.6,-3575.6,-2247.3563822585,-2665.52901280173,-3074.40594224804,-3575.5999009218
4.B. Cropland,WAM,Total,-1297.32,-1333.94,-1370.56,-1407.18,-1443.8,-1457.66,-1471.52,-1485.38,-1499.24,-1513.1,-1526.94,-1540.78,-1554.62,-1568.46,-1582.3,-1596.14,-1609.98,-1623.82,-1637.66,-1651.5,-1651.5,-1651.5,-1651.5,-1651.5,-1651.5,-1651.5,-1651.5,-1651.5,-1651.5,-1651.5,,,,
4.B. Cropland,WEM,Total,-1297.32,-1333.94,-1370.56,-1407.18,-1443.8,-1457.66,-1471.52,-1485.38,-1499.24,-1513.1,-1526.94,-1540.78,-1554.62,-1568.46,-1582.3,-1596.14,-1609.98,-1623.82,-1637.66,-1651.5,-1651.5,-1651.5,-1651.5,-1651.5,-1651.5,-1651.5,-1651.5,-1651.5,-1651.5,-1651.5,-1443.79219263096,-1513.05383525271,-1582.2559617261,-1651.4580881995
4.C. Grassland,WAM,Total,-1691.48,-1451.26,-1211.04,-970.82,-730.6,-703.02,-675.44,-647.86,-620.28,-592.7,-569.14,-545.58,-522.02,-498.46,-474.9,-451.36,-427.82,-404.28,-380.74,-357.2,-357.2,-357.2,-357.2,-357.2,-357.2,-357.2,-357.2,-357.2,-357.2,-357.2,,,,
4.C. Grassland,WEM,Total,-1691.48,-1451.26,-1211.04,-970.82,-730.6,-703.02,-675.44,-647.86,-620.28,-592.7,-569.14,-545.58,-522.02,-498.46,-474.9,-451.36,-427.82,-404.28,-380.74,-357.2,-357.2,-357.2,-357.2,-357.2,-357.2,-357.2,-357.2,-357.2,-357.2,-357.2,-730.591848507773,-592.669495327555,-474.934488553616,-357.209481779678
4.D. Wetlands,WAM,Total,1.1,1.2,1.3,1.4,1.5,1.48,1.46,1.44,1.42,1.4,1.36,1.32,1.28,1.24,1.2,1.18,1.16,1.14,1.12,1.1,1.1,1.1,1.1,1.1,1.1,1.1,1.1,1.1,1.1,1.1,,,,
4.D. Wetlands,WEM,Total,1.1,1.2,1.3,1.4,1.5,1.48,1.46,1.44,1.42,1.4,1.36,1.32,1.28,1.24,1.2,1.18,1.16,1.14,1.12,1.1,1.1,1.1,1.1,1.1,1.1,1.1,1.1,1.1,1.1,1.1,1.49668911501412,1.40172217792026,1.24686667014859,1.09201116237693
4.E. Settlements,WAM,Total,131.04,131.28,131.52,131.76,132.0,132.16,132.32,132.48,132.64,132.8,132.88,132.96,133.04,133.12,133.2,133.38,133.56,133.74,133.92,134.1,134.1,134.1,134.1,134.1,134.1,134.1,134.1,134.1,134.1,134.1,,,,
4.E. Settlements,WEM,Total,131.04,131.28,131.52,131.76,132.0,132.16,132.32,132.48,132.64,132.8,132.88,132.96,133.04,133.12,133.2,133.38,133.56,133.74,133.92,134.1,134.1,134.1,134.1,134.1,134.1,134.1,134.1,134.1,134.1,134.1,132.008741421051,132.770562897412,133.168167583553,134.132109984041
4.F. Other Land,WAM,Total,78.78,78.06,77.34,76.62,75.9,75.38,74.86,74.34,73.82,73.3,72.54,71.78,71.02,70.26,69.5,68.76,68.02,67.28,66.54,65.8,65.8,65.8,65.8,65.8,65.8,65.8,65.8,65.8,65.8,65.8,,,,
4.F. Other Land,WEM,Total,78.78,78.06,77.34,76.62,75.9,75.38,74.86,74.34,73.82,73.3,72.54,71.78,71.02,70.26,69.5,68.76,68.02,67.28,66.54,65.8,65.8,65.8,65.8,65.8,65.8,65.8,65.8,65.8,65.8,65.8,75.9253956254305,73.2658155387516,69.5366079621645,65.8074003855774
4.G. Harvested wood products,WAM,Total,-185.68,-193.26,-200.84,-208.42,-216.0,-216.0,-216.0,-216.0,-216.0,-216.0,-216.0,-216.0,-216.0,-216.0,-216.0,-216.0,-216.0,-216.0,-216.0,-216.0,-216.0,-216.0,-216.0,-216.0,-216.0,-216.0,-216.0,-216.0,-216.0,-216.0,,,,
4.G. Harvested wood products,WEM,Total,-185.68,-193.26,-200.84,-208.42,-216.0,-216.0,-216.0,-216.0,-216.0,-216.0,-216.0,-216.0,-216.0,-216.0,-216.0,-216.0,-216.0,-216.0,-216.0,-216.0,-216.0,-216.0,-216.0,-216.0,-216.0,-216.0,-216.0,-216.0,-216.0,-216.0,-216.0,-216.0,-216.0,-216.0
5. Waste,WAM,ESR,5198.8,5184.2,5169.6,5155.0,5140.4,5084.24,5028.08,4971.92,4915.76,4859.6,4803.38,4747.16,4690.94,4634.72,4578.5,4536.8,4495.1,4453.4,4411.7,4370.0,4370.0,4370.0,4370.0,4370.0,4370.0,4370.0,4370.0,4370.0,4370.0,4370.0,,,,
5. Waste,WAM,Total,5198.8,5184.2,5169.6,5155.0,5140.4,5084.24,5028.08,4971.92,4915.76,4859.6,4803.38,4747.16,4690.94,4634.72,4578.5,4536.8,4495.1,4453.4,4411.7,4370.0,4370.0,4370.0,4370.0,4370.0,4370.0,4370.0,4370.0,4370.0,4370.0,4370.0,,,,
5. Waste,WEM,ESR,5198.8,5184.2,5169.6,5155.0,5140.4,5084.24,5028.08,4971.92,4915.76,4859.6,4803.38,4747.16,4690.94,4634.72,4578.5,4536.8,4495.1,4453.4,4411.7,4370.0,4370.0,4370.0,4370.0,4370.0,4370.0,4370.0,4370.0,4370.0,4370.0,4370.0,5140.43175002586,4859.55798376426,4578.52427177536,4369.9677414625
5. Waste,WEM,Total,5198.8,5184.2,5169.6,5155.0,5140.4,5084.24,5028.08,4971.92,4915.76,4859.6,4803.38,4747.16,4690.94,4634.72,4578.5,4536.8,4495.1,4453.4,4411.7,4370.0,4370.0,4370.0,4370.0,4370.0,4370.0,4370.0,4370.0,4370.0,4370.0,4370.0,5140.43175002586,4859.55798376426,4578.52427177536,4369.9677414625
IB.Aviation,WAM,Total,1915.84,2272.28,2628.72,2985.16,3341.6,3367.56,3393.52,3419.48,3445.44,3471.4,3496.92,3522.44,3547.96,3573.48,3599.0,3622.4,3645.8,3669.2,3692.6,3716.0,3716.0,3716.0,3716.0,3716.0,3716.0,3716.0,3716.0,3716.0,3716.0,3716.0,,,,
IB.Aviation,WEM,Total,1915.84,2272.28,2628.72,2985.16,3341.6,3367.56,3393.52,3419.48,3445.44,3471.4,3496.92,3522.44,3547.96,3573.48,3599.0,3622.4,3645.8,3669.2,3692.6,3716.0,3716.0,3716.0,3716.0,3716.0,3716.0,3716.0,3716.0,3716.0,3716.0,3716.0,3341.59839319216,3471.40530728856,3598.97163866667,3715.9624387716
IB.Navigation,WAM,Total,6593.3,6714.3,6835.3,6956.3,7077.3,7161.28,7245.26,7329.24,7413.22,7497.2,7585.96,7674.72,7763.48,7852.24,7941.0,8039.58,8138.16,8236.74,8335.32,8433.9,8433.9,8433.9,8433.9,8433.9,8433.9,8433.9,8433.9,8433.9,8433.9,8433.9,,,,
IB.Navigation,WEM,Total,6593.3,6714.3,6835.3,6956.3,7077.3,7161.28,7245.26,7329.24,7413.22,7497.2,7585.96,7674.72,7763.48,7852.24,7941.0,8039.58,8138.16,8236.74,8335.32,8433.9,8433.9,8433.9,8433.9,8433.9,8433.9,8433.9,8433.9,8433.9,8433.9,8433.9,7077.29639724719,7497.19386095592,7940.9708221041,8433.91944994636
Total excluding LULUCF,WAM,ESR,43279.26,43202.92,43126.58,43050.24,42973.9,42503.24,42032.58,41561.92,41091.26,40620.6,40420.32,40220.04,40019.76,39819.48,39619.2,39406.36,39193.52,38980.68,38767.84,38555.0,38555.0,38555.0,38555.0,38555.0,38555.0,38555.0,38555.0,38555.0,38555.0,38555.0,,,,
Total excluding LULUCF,WAM,ETS,33398.66,31541.12,29683.58,27826.04,25968.5,24624.66,23280.82,21936.98,20593.14,19249.3,18893.98,18538.66,18183.34,17828.02,17472.7,17325.66,17178.62,17031.58,16884.54,16737.5,16737.5,16737.5,16737.5,16737.5,16737.5,16737.5,16737.5,16737.5,16737.5,16737.5,,,,
Total excluding LULUCF,WAM,Total,76997.4,75143.6,73289.8,71436.0,69582.2,67771.58,65960.96,64150.34,62339.72,60529.1,59977.56,59426.02,58874.48,58322.94,57771.4,57416.2,57061.0,56705.8,56350.6,55995.4,55995.4,55995.4,55995.4,55995.4,55995.4,55995.4,55995.4,55995.4,55995.4,55995.4,,,,
Total excluding LULUCF,WEM,ESR,43279.26,43202.92,43126.58,43050.24,42973.9,42503.24,42032.58,41561.92,41091.26,40620.6,40420.32,40220.04,40019.76,39819.48,39619.2,39406.36,39193.52,38980.68,38767.84,38555.0,38555.0,38555.0,38555.0,38555.0,38555.0,38555.0,38555.0,38555.0,38555.0,38555.0,42973.9020129047,40620.5791824471,39619.2126848084,38555.0102370427
Total excluding LULUCF,WEM,ETS,33398.66,31541.12,29683.58,27826.04,25968.5,24624.66,23280.82,21936.98,20593.14,19249.3,18893.98,18538.66,18183.34,17828.02,17472.7,17325.66,17178.62,17031.58,16884.54,16737.5,16737.5,16737.5,16737.5,16737.5,16737.5,16737.5,16737.5,16737.5,16737.5,16737.5,25968.5274576245,19249.3349273376,17472.679379139,16737.4705941731
Total excluding LULUCF,WEM,Total,76997.4,75143.6,73289.8,71436.0,69582.2,67771.58,65960.96,64150.34,62339.72,60529.1,59977.56,59426.02,58874.48,58322.94,57771.4,57416.2,57061.0,56705.8,56350.6,55995.4,55995.4,55995.4,55995.4,55995.4,55995.4,55995.4,55995.4,55995.4,55995.4,55995.4,69582.2361595663,60529.0568925029,57771.3800244459,55995.3520180275
Total including LULUCF,WAM,ESR,43279.26,43202.92,43126.58,43050.24,42973.9,42503.24,42032.58,41561.92,41091.26,40620.6,40420.32,40220.04,40019.76,39819.48,39619.2,39406.36,39193.52,38980.68,38767.84,38555.0,38555.0,38555.0,38555.0,38555.0,38555.0,38555.0,38555.0,38555.0,38555.0,38555.0,,,,
Total including LULUCF,WAM,ETS,33398.66,31541.12,29683.58,27826.04,25968.5,24624.66,23280.82,21936.98,20593.14,19249.3,18893.98,18538.66,18183.34,17828.02,17472.7,17325.66,17178.62,17031.58,16884.54,16737.5,16737.5,16737.5,16737.5,16737.5,16737.5,16737.5,16737.5,16737.5,16737.5,16737.5,,,,
Total including LULUCF,WAM,Total,71778.78,70122.56,68466.34,66810.12,65153.9,63272.96,61392.02,59511.08,57630.14,55749.2,55124.9,54500.6,53876.3,53252.0,52627.7,52181.38,51735.06,51288.74,50842.42,50396.1,50396.1,50396.1,50396.1,50396.1,50396.1,50396.1,50396.1,50396.1,50396.1,50396.1,,,,
Total including LULUCF,WEM,ESR,43279.26,43202.92,43126.58,43050.24,42973.9,42503.24,42032.58,41561.92,41091.26,40620.6,40420.32,40220.04,40019.76,39819.48,39619.2,39406.36,39193.52,38980.68,38767.84,38555.0,38555.0,38555.0,38555.0,38555.0,38555.0,38555.0,38555.0,38555.0,38555.0,38555.0,42973.9020129047,40620.5791824471,39619.2126848084,38555.0102370427
Total including LULUCF,WEM,ETS,33398.66,31541.12,29683.58,27826.04,25968.5,24624.66,23280.82,21936.98,20593.14,19249.3,18893.98,18538.66,18183.34,17828.02,17472.7,17325.66,17178.62,17031.58,16884.54,16737.5,16737.5,16737.5,16737.5,16737.5,16737.5,16737.5,16737.5,16737.5,16737.5,16737.5,25968.5274576245,19249.3349273376,17472.679379139,16737.4705941731
Total including LULUCF,WEM,Total,71778.78,70122.56,68466.34,66810.12,65153.9,63272.96,61392.02,59511.08,57630.14,55749.2,55124.9,54500.6,53876.3,53252.0,52627.7,52181.38,51735.06,51288.74,50842.42,50396.1,50396.1,50396.1,50396.1,50396.1,50396.1,50396.1,50396.1,50396.1,50396.1,50396.1,65153.9265623306,55749.242649735,52627.735274134,50396.1160686585
