Category,Scenario,Gas,Gapfilled 2021,Gapfilled 2022,Gapfilled 2023,Gapfilled 2024,Gapfilled 2025,Gapfilled 2026,Gapfilled 2027,Gapfilled 2028,Gapfilled 2029,Gapfilled 2030,Gapfilled 2031,Gapfilled 2032,Gapfilled 2033,Gapfilled 2034,Gapfilled 2035,Gapfilled 2036,Gapfilled 2037,Gapfilled 2038,Gapfilled 2039,Gapfilled 2040,Gapfilled 2041,Gapfilled 2042,Gapfilled 2043,Gapfilled 2044,Gapfilled 2045,Gapfilled 2046,Gapfilled 2047,Gapfilled 2048,Gapfilled 2049,Gapfilled 2050,Reported Value 2021,Reported Value 2022,Reported Value 2023,Reported Value 2024,Reported Value 2025,Reported Value 2026,Reported Value 2027,Reported Value 2028,Reported Value 2029,Reported Value 2030,Reported Value 2031,Reported Value 2032,Reported Value 2033,Reported Value 2034,Reported Value 2035,Reported Value 2036,Reported Value 2037,Reported Value 2038,Reported Value 2039,Reported Value 2040,Reported Value 2045,Reported Value 2050
1. Energy,WAM,ESR,52017.5,52525.5,53033.5,53541.5,54049.4,54327.8,54606.2,54884.6,55163.0,55441.4,55888.6,56335.7,56782.8,57229.9,57677.1,57769.0,57860.9,57952.9,58044.8,58136.7,57773.38,57410.06,57046.74,56683.42,56320.1,56823.96,57327.82,57831.68,58335.54,58839.4,52017.4870844469,52525.4768719812,53033.4666595155,53541.4564470498,54049.4462345841,54327.8457139408,54606.2451932975,54884.6446726542,55163.0441520109,55441.4436313676,55888.5692459168,56335.694860466,56782.8204750152,57229.9460895643,57677.0717041135,57768.9981644966,57860.9246248797,57952.8510852627,58044.7775456458,58136.7040060288,56320.118341652,58839.4191116368
1. Energy,WAM,ETS,21080.5,19954.0,18827.5,17701.0,16574.5,15490.0,14405.6,13321.1,12236.7,11152.2,11313.7,11475.3,11636.8,11798.3,11959.9,11800.7,11641.5,11482.3,11323.0,11163.8,11165.04,11166.28,11167.52,11168.76,11170.0,11092.4,11014.8,10937.2,10859.6,10782.0,21080.5209026537,19954.0156941849,18827.5104857162,17701.0052772475,16574.5000687787,15490.0388361416,14405.5776035044,13321.1163708672,12236.65513823,11152.1939055929,11313.732766026,11475.2716264591,11636.8104868923,11798.3493473254,11959.8882077586,11800.6765778169,11641.4649478752,11482.2533179336,11323.0416879919,11163.8300580502,11170.0009908239,10781.9614656049
1. Energy,WAM,Total,73226.2,72620.3,72014.4,71408.5,70802.5,70002.2,69201.9,68401.5,67601.2,66800.8,67416.6,68032.4,68648.2,69264.0,69879.8,69825.3,69770.9,69716.4,69662.0,69607.5,69248.26,68889.02,68529.78,68170.54,67811.3,68241.8,68672.3,69102.8,69533.3,69963.8,73226.2406325685,72620.3170502671,72014.3934679657,71408.4698856643,70802.5463033629,70002.2045500824,69201.8627968019,68401.5210435214,67601.1792902409,66800.8375369604,67416.6220119428,68032.4064869251,68648.1909619074,69263.9754368897,69879.7599118721,69825.3147423135,69770.8695727549,69716.4244031963,69661.9792336377,69607.5340640791,67811.2693324759,69963.8305772416
1. Energy,WEM,ESR,52239.2,52969.0,53698.7,54428.5,55158.2,55461.6,55765.0,56068.4,56371.8,56675.2,57311.4,57947.5,58583.6,59219.8,59855.9,60382.2,60908.6,61434.9,61961.2,62487.5,62353.64,62219.78,62085.92,61952.06,61818.2,62270.72,62723.24,63175.76,63628.28,64080.8,52239.2438031493,52968.9903093861,53698.7368156228,54428.4833218596,55158.2298280963,55461.6284748842,55765.0271216721,56068.42576846,56371.824415248,56675.2230620358,57311.3635203547,57947.5039786736,58583.6444369924,59219.7848953113,59855.9253536301,60382.2497638135,60908.5741739968,61434.8985841801,61961.2229943634,62487.5474045467,61818.2266993015,64080.7617799259
1. Energy,WEM,ETS,21109.7,20012.4,18915.1,17817.8,16720.5,15639.7,14558.9,13478.1,12397.3,11316.5,11490.4,11664.3,11838.2,12012.1,12185.9,12336.0,12486.0,12636.1,12786.1,12936.1,12702.16,12468.22,12234.28,12000.34,11766.4,11590.06,11413.72,11237.38,11061.04,10884.7,21109.7299091512,20012.43370718,18915.1375052088,17817.8413032375,16720.5451012663,15639.7451709414,14558.9452406165,13478.1453102916,12397.3453799666,11316.5454496417,11490.4248324195,11664.3042151972,11838.1835979749,12012.0629807527,12185.9423635304,12335.9812082141,12486.0200528978,12636.0588975815,12786.0977422652,12936.136586949,11766.4302085551,10884.68395122
1. Energy,WEM,Total,73482.9,73133.7,72784.5,72435.3,72086.0,71315.8,70545.5,69775.3,69005.0,68234.8,69052.0,69869.1,70686.3,71503.5,72320.6,73002.7,73684.8,74366.9,75049.0,75731.0,75368.92,75006.84,74644.76,74282.68,73920.6,74202.48,74484.36,74766.24,75048.12,75330.0,73482.9398577685,73133.715500667,72784.4911435656,72435.2667864641,72086.0424293626,71315.7941458256,70545.5458622886,69775.2975787516,69005.0492952146,68234.8010116776,69051.9678527742,69869.1346938708,70686.3015349674,71503.468376064,72320.6352171605,73002.7154720276,73684.7957268946,74366.8759817616,75048.9562366287,75731.0364914957,73920.5944078567,75329.9682311459
1. Energy,WOM,Total,111784.1,112405.8,113027.5,113649.3,114271.0,115378.6,116486.1,117593.7,118701.2,119808.8,121138.8,122468.8,123798.7,125128.7,126458.7,127848.6,129238.6,130628.5,132018.4,133408.4,134039.58,134670.76,135301.94,135933.12,136564.3,136946.24,137328.18,137710.12,138092.06,138474.0,111784.082424099,112405.812468933,113027.542513767,113649.2725586,114271.002603434,115378.563578895,116486.124554357,117593.685529818,118701.246505279,119808.80748074,121138.78478074,122468.76208074,123798.73938074,125128.71668074,126458.69398074,127848.62568074,129238.55738074,130628.48908074,132018.42078074,133408.35248074,136564.341948866,138474.022319825
1.A.1. Energy industries,WAM,ESR,1797.9,1726.3,1654.7,1583.1,1511.5,1335.4,1159.2,983.1,806.9,630.7,633.8,636.8,639.9,643.0,646.0,633.6,621.1,608.6,596.1,583.6,574.5,565.4,556.3,547.2,538.1,529.48,520.86,512.24,503.62,495.0,1797.87666622689,1726.29358898583,1654.71051174477,1583.1274345037,1511.54435726265,1335.37959047809,1159.21482369353,983.050056908973,806.885290124415,630.720523339857,633.785241994753,636.849960649651,639.914679304547,642.979397959443,646.044116614339,633.561772955743,621.079429297146,608.597085638548,596.114741979953,583.632398321354,538.101685200451,495.008775290392
1.A.1. Energy industries,WAM,ETS,15314.8,14165.6,13016.3,11867.1,10717.8,9571.9,8426.0,7280.1,6134.2,4988.3,5073.1,5157.9,5242.7,5327.6,5412.4,5224.2,5036.0,4847.9,4659.7,4471.5,4315.52,4159.54,4003.56,3847.58,3691.6,3544.74,3397.88,3251.02,3104.16,2957.3,15314.8008719755,14165.5613961442,13016.3219203128,11867.0824444815,10717.8429686502,9571.92545471755,8426.0079407849,7280.09042685225,6134.17291291961,4988.25539898696,5073.08568297066,5157.91596695436,5242.74625093806,5327.57653492176,5412.40681890546,5224.22562487173,5036.04443083799,4847.86323680426,4659.68204277052,4471.50084873679,3691.62696896486,2957.27327179866
1.A.1. Energy industries,WAM,Total,17112.7,15891.9,14671.0,13450.2,12229.4,10907.3,9585.2,8263.1,6941.1,5619.0,5706.9,5794.8,5882.7,5970.6,6058.5,5857.8,5657.1,5456.5,5255.8,5055.1,4890.02,4724.94,4559.86,4394.78,4229.7,4074.22,3918.74,3763.26,3607.78,3452.3,17112.6775382024,15891.85498513,14671.0324320576,13450.2098789852,12229.3873259128,10907.3050451956,9585.22276447843,8263.14048376123,6941.05820304402,5618.97592232682,5706.87092496542,5794.76592760401,5882.66093024261,5970.5559328812,6058.4509355198,5857.78739782747,5657.12386013514,5456.46032244281,5255.79678475048,5055.13324705814,4229.72865416531,3452.28204708905
1.A.1. Energy industries,WEM,ESR,1797.9,1726.3,1654.7,1583.1,1511.5,1335.4,1159.2,983.1,806.9,630.7,633.8,636.8,639.9,643.0,646.0,649.0,651.9,654.9,657.8,660.8,641.28,621.76,602.24,582.72,563.2,549.56,535.92,522.28,508.64,495.0,1797.87666622689,1726.29358898583,1654.71051174477,1583.1274345037,1511.54435726265,1335.37959047809,1159.21482369353,983.050056908973,806.885290124415,630.720523339857,633.785241994753,636.849960649651,639.914679304547,642.979397959443,646.044116614339,648.986258955743,651.928401297147,654.870543638551,657.812685979954,660.754828321354,563.203696200451,495.008775290392
1.A.1. Energy industries,WEM,ETS,15314.8,14165.6,13016.3,11867.1,10717.8,9571.9,8426.0,7280.1,6134.2,4988.3,5073.1,5157.9,5242.7,5327.6,5412.4,5497.5,5582.6,5667.7,5752.8,5837.9,5497.6,5157.3,4817.0,4476.7,4136.4,3900.58,3664.76,3428.94,3193.12,2957.3,15314.8008719755,14165.5613961442,13016.3219203128,11867.0824444815,10717.8429686502,9571.92545471755,8426.0079407849,7280.09042685225,6134.17291291961,4988.25539898696,5073.08568297066,5157.91596695436,5242.74625093806,5327.57653492176,5412.40681890546,5497.50584887172,5582.60487883799,5667.70390880426,5752.80293877052,5837.90196873679,4136.36679296486,2957.27327179866
1.A.1. Energy industries,WEM,Total,17112.7,15891.9,14671.0,13450.2,12229.4,10907.3,9585.2,8263.1,6941.1,5619.0,5706.9,5794.8,5882.7,5970.6,6058.5,6146.5,6234.5,6322.6,6410.6,6498.7,6138.88,5779.06,5419.24,5059.42,4699.6,4450.14,4200.68,3951.22,3701.76,3452.3,17112.6775382024,15891.85498513,14671.0324320576,13450.2098789852,12229.3873259128,10907.3050451956,9585.22276447843,8263.14048376123,6941.05820304402,5618.97592232682,5706.87092496542,5794.76592760401,5882.66093024261,5970.5559328812,6058.4509355198,6146.49210782747,6234.53328013514,6322.57445244281,6410.61562475048,6498.65679705814,4699.57048916531,3452.28204708905
1.A.1. Energy industries,WOM,Total,40973.5,40973.5,40973.5,40973.5,40973.5,40973.5,40973.5,40973.5,40973.5,40973.5,40973.5,40973.5,40973.5,40973.5,40973.5,40973.5,40973.5,40973.5,40973.5,40973.5,40973.5,40973.5,40973.5,40973.5,40973.5,40973.5,40973.5,40973.5,40973.5,40973.5,40973.4644941182,40973.4644941182,40973.4644941182,40973.4644941182,40973.4644941182,40973.4644941182,40973.4644941182,40973.4644941182,40973.4644941182,40973.4644941182,40973.4644941182,40973.4644941182,40973.4644941182,40973.4644941182,40973.4644941182,40973.4644941182,40973.4644941182,40973.4644941182,40973.4644941182,40973.4644941182,40973.4644941182,40973.4644941182
1.A.2. Manufacturing industries and construction,WAM,ESR,9069.0,9100.5,9132.0,9163.5,9195.1,9290.9,9386.8,9482.6,9578.5,9674.3,9792.7,9911.1,10029.4,10147.8,10266.2,10310.6,10355.1,10399.5,10444.0,10488.4,10733.92,10979.44,11224.96,11470.48,11716.0,11823.4,11930.8,12038.2,12145.6,12253.0,9068.97038709046,9100.49647760605,9132.02256812164,9163.54865863723,9195.07474915282,9290.92292929808,9386.77110944334,9482.6192895886,9578.46746973386,9674.31564987913,9792.68540909082,9911.05516830252,10029.4249275142,10147.7946867259,10266.1644459376,10310.6113001381,10355.0581543385,10399.505008539,10443.9518627395,10488.3987169399,11716.0468867633,12252.968758012
1.A.2. Manufacturing industries and construction,WAM,ETS,5765.7,5788.5,5811.2,5833.9,5856.7,5918.1,5979.6,6041.0,6102.5,6163.9,6240.6,6317.4,6394.1,6470.8,6547.5,6576.5,6605.4,6634.4,6663.4,6692.3,6849.52,7006.74,7163.96,7321.18,7478.4,7547.66,7616.92,7686.18,7755.44,7824.7,5765.72003067819,5788.45429804078,5811.18856540337,5833.92283276596,5856.65710012855,5918.11338142402,5979.56966271949,6041.02594401495,6102.48222531042,6163.93850660589,6240.64708305533,6317.35565950477,6394.06423595421,6470.77281240365,6547.48138885309,6576.45095294516,6605.42051703723,6634.3900811293,6663.35964522137,6692.32920931343,7478.37402185903,7824.68819380623
1.A.2. Manufacturing industries and construction,WAM,Total,14834.7,14889.0,14943.2,14997.5,15051.7,15209.0,15366.3,15523.6,15680.9,15838.3,16033.3,16228.4,16423.5,16618.6,16813.6,16887.1,16960.5,17033.9,17107.3,17180.7,17583.44,17986.18,18388.92,18791.66,19194.4,19371.06,19547.72,19724.38,19901.04,20077.7,14834.6904177687,14888.9507756468,14943.211133525,14997.4714914032,15051.7318492814,15209.0363107221,15366.3407721628,15523.6452336036,15680.9496950443,15838.254156485,16033.3324921461,16228.4108278073,16423.4891634684,16618.5674991296,16813.6458347907,16887.0622530832,16960.4786713758,17033.8950896683,17107.3115079608,17180.7279262533,19194.4209086224,20077.6569518182
1.A.2. Manufacturing industries and construction,WEM,ESR,9116.5,9195.6,9274.7,9353.8,9432.9,9532.8,9632.6,9732.5,9832.3,9932.2,10071.0,10209.9,10348.7,10487.5,10626.4,10727.4,10828.4,10929.5,11030.5,11131.5,11296.88,11462.26,11627.64,11793.02,11958.4,12050.24,12142.08,12233.92,12325.76,12417.6,9116.54136689014,9195.6384372054,9274.73550752066,9353.83257783593,9432.92964815119,9532.77930826019,9632.62896836919,9732.47862847819,9832.32828858719,9932.17794869619,10071.0194365615,10209.8609244269,10348.7024122922,10487.5439001576,10626.385388023,10727.4106323281,10828.4358766332,10929.4611209383,11030.4863652434,11131.5116095485,11958.4156667886,12417.5503439304
1.A.2. Manufacturing industries and construction,WEM,ETS,5794.9,5846.9,5898.8,5950.8,6002.7,6067.8,6132.9,6198.1,6263.2,6328.3,6417.3,6506.4,6595.4,6684.5,6773.5,6838.5,6903.4,6968.4,7033.3,7098.2,7204.58,7310.96,7417.34,7523.72,7630.1,7689.56,7749.02,7808.48,7867.94,7927.4,5794.92903717571,5846.87231103581,5898.81558489592,5950.75885875602,6002.70213261612,6067.81971622385,6132.93729983158,6198.0548834393,6263.17246704703,6328.29005065476,6417.33914944879,6506.38824824283,6595.43734703687,6684.48644583091,6773.53554462494,6838.47535934239,6903.41517405983,6968.35498877728,7033.29480349472,7098.23461821216,7630.06341559029,7927.41067942134
1.A.2. Manufacturing industries and construction,WEM,Total,14911.5,15042.5,15173.6,15304.6,15435.6,15600.6,15765.6,15930.5,16095.5,16260.5,16488.4,16716.2,16944.1,17172.0,17399.9,17565.9,17731.9,17897.8,18063.8,18229.7,18501.46,18773.22,19044.98,19316.74,19588.5,19739.8,19891.1,20042.4,20193.7,20345.0,14911.4704040658,15042.5107482412,15173.5510924166,15304.5914365919,15435.6317807673,15600.599024484,15765.5662682008,15930.5335119175,16095.5007556342,16260.467999351,16488.3585860103,16716.2491726697,16944.1397593291,17172.0303459885,17399.9209326479,17565.8859916705,17731.851050693,17897.8161097156,18063.7811687381,18229.7462277607,19588.4790823789,20344.9610233518
1.A.2. Manufacturing industries and construction,WOM,Total,16026.7,16026.7,16026.6,16026.6,16026.6,16225.6,16424.6,16623.5,16822.5,17021.5,17249.6,17477.6,17705.7,17933.7,18161.8,18328.1,18494.5,18660.9,18827.3,18993.7,19266.22,19538.74,19811.26,20083.78,20356.3,20460.86,20565.42,20669.98,20774.54,20879.1,16026.6925656798,16026.6643299333,16026.6360941869,16026.6078584405,16026.5796226941,16225.5676981553,16424.5557736164,16623.5438490776,16822.5319245388,17021.52,17249.566,17477.612,17705.658,17933.704,18161.75,18328.134,18494.518,18660.902,18827.286,18993.67,20356.29,20879.13
1.A.3. Transport,WAM,ESR,18894.3,19526.7,20159.1,20791.4,21423.8,21807.9,22192.1,22576.2,22960.4,23344.5,23669.0,23993.6,24318.1,24642.6,24967.1,25127.3,25287.6,25447.8,25608.1,25768.3,26470.14,27171.98,27873.82,28575.66,29277.5,29618.26,29959.02,30299.78,30640.54,30981.3,18894.3238332789,19526.6887197669,20159.053606255,20791.418492743,21423.7833792311,21807.9330765314,22192.0827738317,22576.2324711321,22960.3821684324,23344.5318657327,23669.0458939618,23993.5599221908,24318.0739504198,24642.5879786489,24967.1020068779,25127.3408032181,25287.5795995583,25447.8183958985,25608.0571922387,25768.2959885789,29277.4535454811,30981.2581867689
1.A.3. Transport,WAM,Total,19022.6,19667.5,20312.5,20957.4,21602.4,21992.3,22382.1,22772.0,23161.9,23551.7,23883.4,24215.0,24546.6,24878.3,25209.9,25383.0,25556.1,25729.1,25902.2,26075.3,26779.96,27484.62,28189.28,28893.94,29598.6,29943.62,30288.64,30633.66,30978.68,31323.7,19022.5564787468,19667.5132038679,20312.469928989,20957.42665411,21602.3833792311,21992.2530765314,22382.1227738317,22771.9924711321,23161.8621684324,23551.7318657327,23883.3658939618,24214.9999221908,24546.6339504198,24878.2679786489,25209.9020068779,25382.9808032181,25556.0595995583,25729.1383958985,25902.2171922387,26075.2959885789,29598.6035454811,31323.7081867689
1.A.3. Transport,WEM,ESR,19034.9,19807.8,20580.8,21353.7,22126.6,22534.4,22942.2,23349.9,23757.7,24165.5,24612.9,25060.4,25507.9,25955.4,26402.9,26853.8,27304.8,27755.7,28206.7,28657.6,29604.82,30552.04,31499.26,32446.48,33393.7,33640.22,33886.74,34133.26,34379.78,34626.3,19034.8923569065,19807.8257670222,20580.7591771379,21353.6925872537,22126.6259973694,22534.3921712499,22942.1583451304,23349.9245190109,23757.6906928915,24165.456866772,24612.9438087272,25060.4307506825,25507.9176926377,25955.4046345929,26402.8915765482,26853.8341941159,27304.7768116835,27755.7194292512,28206.6620468189,28657.6046643865,33393.7214796978,34626.3401006019
1.A.3. Transport,WEM,Total,19168.9,19960.1,20751.4,21542.6,22333.9,22748.8,23163.7,23578.7,23993.6,24408.5,24863.1,25317.8,25772.4,26227.0,26681.7,27138.3,27595.0,28051.6,28508.3,28965.0,29917.94,30870.88,31823.82,32776.76,33729.7,33981.94,34234.18,34486.42,34738.66,34990.9,19168.8585023745,19960.1172511232,20751.3759998719,21542.6347486206,22333.8934973694,22748.8126712499,23163.7318451304,23578.6510190109,23993.5701928915,24408.489366772,24863.1233087272,25317.7572506825,25772.3911926377,26227.0251345929,26681.6590765482,27138.3186941159,27594.9783116835,28051.6379292512,28508.2975468189,28964.9571643865,33729.6589796978,34990.8626006019
1.A.3. Transport,WOM,Total,21090.3,21558.5,22026.8,22495.1,22963.4,23682.1,24400.8,25119.6,25838.3,26557.0,27449.5,28341.9,29234.4,30126.8,31019.3,32012.0,33004.8,33997.5,34990.3,35983.0,36027.28,36071.56,36115.84,36160.12,36204.4,36266.14,36327.88,36389.62,36451.36,36513.1,21090.2585284607,21558.5413963456,22026.8242642304,22495.1071321152,22963.39,23682.112,24400.834,25119.556,25838.278,26557.0,27449.458,28341.916,29234.374,30126.832,31019.29,32012.038,33004.786,33997.534,34990.282,35983.03,36204.370468126,36513.1268390846
1.A.3.a. Domestic aviation,WAM,ESR,1.0,1.1,1.2,1.3,1.4,1.5,1.5,1.6,1.6,1.7,1.7,1.8,1.8,1.9,2.0,2.1,2.2,2.3,2.4,2.5,2.52,2.54,2.56,2.58,2.6,2.64,2.68,2.72,2.76,2.8,1.03241995296699,1.13369375036132,1.23496754775564,1.33624134514997,1.4375151425443,1.48361898062904,1.52972281871377,1.57582665679851,1.62193049488325,1.66803433296798,1.72501817105316,1.78200200913834,1.83898584722352,1.89596968530869,1.95295352339387,2.05604119956379,2.1591288757337,2.26221655190361,2.36530422807353,2.46839190424344,2.58042170185157,2.75008129706562
1.A.3.a. Domestic aviation,WAM,Total,129.3,142.0,154.7,167.3,180.0,185.8,191.6,197.3,203.1,208.9,216.0,223.2,230.4,237.6,244.8,257.7,270.6,283.6,296.5,309.5,312.34,315.18,318.02,320.86,323.7,328.0,332.3,336.6,340.9,345.2,129.265065420935,141.958177851337,154.65129028174,167.344402712142,180.037515142544,185.803618980629,191.569722818714,197.335826656799,203.101930494883,208.868034332968,216.045018171053,223.222002009138,230.398985847224,237.575969685309,244.752953523394,257.696041199564,270.639128875734,283.582216551904,296.525304228074,309.468391904243,323.730421701852,345.200081297066
1.A.3.a. Domestic aviation,WEM,ESR,1.1,1.2,1.4,1.5,1.7,1.7,1.8,1.8,1.9,2.0,2.0,2.1,2.1,2.2,2.2,2.3,2.3,2.4,2.4,2.5,2.54,2.58,2.62,2.66,2.7,2.74,2.78,2.82,2.86,2.9,1.07881447283606,1.22648279009946,1.37415110736286,1.52181942462625,1.66948774188965,1.72718213544765,1.78487652900564,1.84257092256364,1.90026531612163,1.95795970967963,2.01552491133347,2.07309011298732,2.13065531464116,2.18822051629501,2.24578571794886,2.29182496008152,2.33786420221418,2.38390344434684,2.42994268647951,2.47598192861217,2.70617813927548,2.93637434993879
1.A.3.a. Domestic aviation,WEM,Total,135.0,153.5,172.0,190.5,208.9,216.1,223.4,230.6,237.8,245.0,252.2,259.4,266.6,273.8,281.0,286.8,292.5,298.3,304.1,309.8,315.56,321.32,327.08,332.84,338.6,344.38,350.16,355.94,361.72,367.5,135.044959940804,153.517966891075,171.990973841347,190.463980791618,208.93698774189,216.147682135448,223.358376529006,230.569070922564,237.779765316122,244.99045970968,252.195024911334,259.399590112987,266.604155314641,273.808720516295,281.013285717949,286.776324960082,292.539364202214,298.302403444347,304.06544268648,309.828481928612,338.643678139276,367.458874349939
1.A.3.a. Domestic aviation,WOM,Total,291.7,304.4,317.1,329.9,342.6,352.9,363.1,373.4,383.7,394.0,407.2,420.4,433.6,446.8,460.0,474.7,489.3,503.9,518.5,533.2,533.32,533.44,533.56,533.68,533.8,533.86,533.92,533.98,534.04,534.1,291.693536046398,304.413991853574,317.13444766075,329.854903467927,342.575359275103,352.852544565233,363.129729855363,373.406915145492,383.684100435622,393.961285725752,407.177579126416,420.39387252708,433.610165927745,446.826459328409,460.042752729073,474.669408701932,489.296064674791,503.92272064765,518.549376620509,533.176032593368,533.819443825786,534.127162241291
1.A.3.b. Road transportation,WAM,ESR,18354.6,18985.9,19617.2,20248.5,20879.8,21233.6,21587.3,21941.1,22294.8,22648.6,22946.6,23244.6,23542.6,23840.6,24138.6,24272.5,24406.3,24540.2,24674.0,24807.9,25483.82,26159.74,26835.66,27511.58,28187.5,28505.4,28823.3,29141.2,29459.1,29777.0,18354.6156956152,18985.9139808621,19617.2122661091,20248.5105513561,20879.808836603,21233.5669791277,21587.3251216523,21941.083264177,22294.8414067016,22648.5995492263,22946.6008861783,23244.6022231304,23542.6035600824,23840.6048970344,24138.6062339864,24272.4559115964,24406.3055892064,24540.1552668164,24674.0049444264,24807.8546220364,28187.5343595211,29776.960697468
1.A.3.b. Road transportation,WAM,Total,18354.6,18985.9,19617.2,20248.5,20879.8,21233.6,21587.3,21941.1,22294.8,22648.6,22946.6,23244.6,23542.6,23840.6,24138.6,24272.5,24406.3,24540.2,24674.0,24807.9,25483.82,26159.74,26835.66,27511.58,28187.5,28505.4,28823.3,29141.2,29459.1,29777.0,18354.6156956152,18985.9139808621,19617.2122661091,20248.5105513561,20879.808836603,21233.5669791277,21587.3251216523,21941.083264177,22294.8414067016,22648.5995492263,22946.6008861783,23244.6022231304,23542.6035600824,23840.6048970344,24138.6062339864,24272.4559115964,24406.3055892064,24540.1552668164,24674.0049444264,24807.8546220364,28187.5343595211,29776.960697468
1.A.3.b. Road transportation,WEM,ESR,18423.6,19123.8,19824.0,20524.3,21224.5,21569.0,21913.4,22257.8,22602.3,22946.7,23348.4,23750.1,24151.8,24553.5,24955.1,25351.5,25747.8,26144.2,26540.5,26936.9,27837.0,28737.1,29637.2,30537.3,31437.4,31633.56,31829.72,32025.88,32222.04,32418.2,18423.5575702518,19123.7977301353,19824.0378900189,20524.2780499024,21224.518209786,21568.9619625051,21913.4057152243,22257.8494679434,22602.2932206626,22946.7369733818,23348.4156618565,23750.0943503313,24151.7730388061,24553.4517272809,24955.1304157557,25351.4807665579,25747.8311173601,26144.1814681624,26540.5318189646,26936.8821697668,31437.3609474734,32418.1603307728
1.A.3.b. Road transportation,WEM,Total,18423.6,19123.8,19824.0,20524.3,21224.5,21569.0,21913.4,22257.8,22602.3,22946.7,23348.4,23750.1,24151.8,24553.5,24955.1,25351.5,25747.8,26144.2,26540.5,26936.9,27837.0,28737.1,29637.2,30537.3,31437.4,31633.56,31829.72,32025.88,32222.04,32418.2,18423.5575702518,19123.7977301353,19824.0378900189,20524.2780499024,21224.518209786,21568.9619625051,21913.4057152243,22257.8494679434,22602.2932206626,22946.7369733818,23348.4156618565,23750.0943503313,24151.7730388061,24553.4517272809,24955.1304157557,25351.4807665579,25747.8311173601,26144.1814681624,26540.5318189646,26936.8821697668,31437.3609474734,32418.1603307728
1.A.3.b. Road transportation,WOM,Total,19968.6,20348.5,20728.4,21108.3,21488.2,22132.9,22777.6,23422.3,24067.0,24711.6,25539.7,26367.8,27195.8,28023.9,28851.9,29768.8,30685.7,31602.5,32519.4,33436.3,33446.14,33455.98,33465.82,33475.66,33485.5,33490.2,33494.9,33499.6,33504.3,33509.0,19968.6110791938,20348.5046221677,20728.3981651417,21108.2917081156,21488.1852510895,22132.8777780137,22777.5703049379,23422.2628318621,24066.9553587863,24711.6478857105,25539.7021321579,26367.7563786054,27195.8106250529,28023.8648715003,28851.9191179478,29768.7898023469,30685.660486746,31602.531171145,32519.4018555441,33436.2725399431,33485.4571445131,33508.980216264
1.A.3.c. Railways,WAM,ESR,391.6,388.4,385.2,382.0,378.8,399.4,420.1,440.7,461.3,482.0,499.7,517.4,535.1,552.9,570.6,588.2,605.7,623.3,640.8,658.4,675.96,693.52,711.08,728.64,746.2,763.74,781.28,798.82,816.36,833.9,391.603050963565,388.401860822714,385.200670681863,381.999480541012,378.798290400161,399.429475624735,420.06066084931,440.691846073884,461.323031298458,481.954216523032,499.682823396922,517.411430270811,535.140037144701,552.86864401859,570.597250892479,588.154089381479,605.710927870478,623.267766359477,640.824604848477,658.381443337476,746.165635782473,833.94982822747
1.A.3.c. Railways,WAM,Total,391.6,388.4,385.2,382.0,378.8,399.4,420.1,440.7,461.3,482.0,499.7,517.4,535.1,552.9,570.6,588.2,605.7,623.3,640.8,658.4,675.96,693.52,711.08,728.64,746.2,763.74,781.28,798.82,816.36,833.9,391.603050963565,388.401860822714,385.200670681863,381.999480541012,378.798290400161,399.429475624735,420.06066084931,440.691846073884,461.323031298458,481.954216523032,499.682823396922,517.411430270811,535.140037144701,552.86864401859,570.597250892479,588.154089381479,605.710927870478,623.267766359477,640.824604848477,658.381443337476,746.165635782473,833.94982822747
1.A.3.c. Railways,WEM,ESR,447.5,500.2,553.0,605.7,658.4,711.1,763.7,816.4,869.1,921.7,956.8,992.0,1027.1,1062.2,1097.3,1141.2,1185.1,1229.0,1272.9,1316.8,1351.9,1387.0,1422.1,1457.2,1492.3,1527.42,1562.54,1597.66,1632.78,1667.9,447.519681551028,500.23512199764,552.950562444252,605.666002890864,658.381443337476,711.051958804474,763.722474271472,816.39298973847,869.063505205468,921.734020672466,956.847697650465,991.961374628464,1027.07505160646,1062.18872858446,1097.30240556246,1141.19450178496,1185.08659800746,1228.97869422996,1272.87079045245,1316.76288667495,1492.33127156495,1667.89965645494
1.A.3.c. Railways,WEM,Total,447.5,500.2,553.0,605.7,658.4,711.1,763.7,816.4,869.1,921.7,956.8,992.0,1027.1,1062.2,1097.3,1141.2,1185.1,1229.0,1272.9,1316.8,1351.9,1387.0,1422.1,1457.2,1492.3,1527.42,1562.54,1597.66,1632.78,1667.9,447.519681551028,500.23512199764,552.950562444252,605.666002890864,658.381443337476,711.051958804474,763.722474271472,816.39298973847,869.063505205468,921.734020672466,956.847697650465,991.961374628464,1027.07505160646,1062.18872858446,1097.30240556246,1141.19450178496,1185.08659800746,1228.97869422996,1272.87079045245,1316.76288667495,1492.33127156495,1667.89965645494
1.A.3.c. Railways,WOM,Total,454.6,514.0,573.4,632.8,692.2,742.7,793.2,843.8,894.3,944.8,979.0,1013.2,1047.4,1081.5,1115.7,1158.2,1200.6,1243.0,1285.5,1327.9,1362.08,1396.26,1430.44,1464.62,1498.8,1535.72,1572.64,1609.56,1646.48,1683.4,454.626856043441,514.01169172449,573.396527405539,632.781363086587,692.166198767636,742.69716567177,793.228132575903,843.759099480037,894.29006638417,944.821033288304,979.00116632155,1013.1812993548,1047.36143238804,1081.54156542129,1115.72169845453,1158.15490331649,1200.58810817845,1243.02131304041,1285.45451790237,1327.88772276433,1498.76975182659,1683.39698675706
1.A.3.d. Domestic navigation,WAM,ESR,142.6,146.7,150.8,155.0,159.1,168.5,177.8,187.2,196.5,205.9,214.4,222.9,231.5,240.0,248.5,256.9,265.3,273.6,282.0,290.4,298.4,306.4,314.4,322.4,330.4,335.18,339.96,344.74,349.52,354.3,142.551082396505,146.695316797379,150.839551198253,154.983785599127,159.128020000001,168.478876000001,177.829732000002,187.180588000002,196.531444000002,205.882300000002,214.406976000002,222.931652000002,231.456328000002,239.981004000003,248.505680000003,256.885664000003,265.265648000003,273.645632000003,282.025616000003,290.405600000003,330.430600000005,354.274400000006
1.A.3.d. Domestic navigation,WAM,Total,142.6,146.7,150.8,155.0,159.1,168.5,177.8,187.2,196.5,205.9,214.4,222.9,231.5,240.0,248.5,256.9,265.3,273.6,282.0,290.4,298.4,306.4,314.4,322.4,330.4,335.18,339.96,344.74,349.52,354.3,142.551082396505,146.695316797379,150.839551198253,154.983785599127,159.128020000001,168.478876000001,177.829732000002,187.180588000002,196.531444000002,205.882300000002,214.406976000002,222.931652000002,231.456328000002,239.981004000003,248.505680000003,256.885664000003,265.265648000003,273.645632000003,282.025616000003,290.405600000003,330.430600000005,354.274400000006
1.A.3.d. Domestic navigation,WEM,ESR,146.3,154.2,162.0,169.9,177.8,185.8,193.8,201.8,209.8,217.8,225.9,234.0,242.0,250.1,258.1,266.2,274.3,282.3,290.4,298.5,306.42,314.34,322.26,330.18,338.1,349.26,360.42,371.58,382.74,393.9,146.281318396505,154.155788797379,162.030259198253,169.904729599127,177.779200000001,185.792760000001,193.806320000002,201.819880000002,209.833440000002,217.847000000002,225.903360000003,233.959720000003,242.016080000003,250.072440000003,258.128800000003,266.202280000003,274.275760000003,282.349240000003,290.422720000003,298.496200000004,338.093200000006,393.871400000009
1.A.3.d. Domestic navigation,WEM,Total,146.3,154.2,162.0,169.9,177.8,185.8,193.8,201.8,209.8,217.8,225.9,234.0,242.0,250.1,258.1,266.2,274.3,282.3,290.4,298.5,306.42,314.34,322.26,330.18,338.1,349.26,360.42,371.58,382.74,393.9,146.281318396505,154.155788797379,162.030259198253,169.904729599127,177.779200000001,185.792760000001,193.806320000002,201.819880000002,209.833440000002,217.847000000002,225.903360000003,233.959720000003,242.016080000003,250.072440000003,258.128800000003,266.202280000003,274.275760000003,282.349240000003,290.422720000003,298.496200000004,338.093200000006,393.871400000009
1.A.3.d. Domestic navigation,WOM,Total,199.6,208.3,216.9,225.6,234.2,241.2,248.3,255.3,262.3,269.3,278.4,287.4,296.5,305.5,314.5,324.5,334.5,344.5,354.5,364.5,364.58,364.66,364.74,364.82,364.9,384.94,404.98,425.02,445.06,465.1,199.626541654455,208.270888366691,216.915235078928,225.559581791164,234.203928503401,241.231661411391,248.259394319381,255.287127227372,262.314860135362,269.342593043353,278.379149908732,287.415706774112,296.452263639492,305.488820504871,314.525377370251,324.526166646276,334.526955922302,344.527745198328,354.528534474353,364.529323750379,364.945912421511,465.141989566275
1.A.3.e. Other transportation,WAM,ESR,4.5,4.5,4.6,4.6,4.6,5.0,5.3,5.7,6.1,6.4,6.6,6.8,7.0,7.2,7.4,7.8,8.1,8.5,8.8,9.2,9.5,9.8,10.1,10.4,10.7,11.22,11.74,12.26,12.78,13.3,4.52158435063936,4.5438675343204,4.56615071800143,4.58843390168247,4.6107170853635,4.97412679837165,5.33753651137981,5.70094622438796,6.06435593739612,6.42776565040427,6.63019021544457,6.83261478048487,7.03503934552516,7.23746391056546,7.43988847560576,7.7890970406461,8.13830560568644,8.48751417072677,8.83672273576711,9.18593130080745,10.7425284756067,13.3231797764122
1.A.3.e. Other transportation,WAM,Total,4.5,4.5,4.6,4.6,4.6,5.0,5.3,5.7,6.1,6.4,6.6,6.8,7.0,7.2,7.4,7.8,8.1,8.5,8.8,9.2,9.5,9.8,10.1,10.4,10.7,11.22,11.74,12.26,12.78,13.3,4.52158435063936,4.5438675343204,4.56615071800143,4.58843390168247,4.6107170853635,4.97412679837165,5.33753651137981,5.70094622438796,6.06435593739612,6.42776565040427,6.63019021544457,6.83261478048487,7.03503934552516,7.23746391056546,7.43988847560576,7.7890970406461,8.13830560568644,8.48751417072677,8.83672273576711,9.18593130080745,10.7425284756067,13.3231797764122
1.A.3.e. Other transportation,WEM,ESR,16.5,28.4,40.4,52.3,64.3,66.9,69.4,72.0,74.6,77.2,79.8,82.3,84.9,87.5,90.1,92.7,95.2,97.8,100.4,103.0,107.04,111.08,115.12,119.16,123.2,127.26,131.32,135.38,139.44,143.5,16.4549722343752,28.4106433017921,40.366314369209,52.3219854366259,64.2776565040427,66.8583078048482,69.4389591056537,72.0196104064592,74.6002617072647,77.1809130080702,79.7615643088757,82.3422156096811,84.9228669104866,87.5035182112921,90.0841695120976,92.6648208129031,95.2454721137086,97.826123414514,100.40677471532,102.987426016125,123.229882520155,143.472339024184
1.A.3.e. Other transportation,WEM,Total,16.5,28.4,40.4,52.3,64.3,66.9,69.4,72.0,74.6,77.2,79.8,82.3,84.9,87.5,90.1,92.7,95.2,97.8,100.4,103.0,107.04,111.08,115.12,119.16,123.2,127.26,131.32,135.38,139.44,143.5,16.4549722343752,28.4106433017921,40.366314369209,52.3219854366259,64.2776565040427,66.8583078048482,69.4389591056537,72.0196104064592,74.6002617072647,77.1809130080702,79.7615643088757,82.3422156096811,84.9228669104866,87.5035182112921,90.0841695120976,92.6648208129031,95.2454721137086,97.826123414514,100.40677471532,102.987426016125,123.229882520155,143.472339024184
1.A.3.e. Other transportation,WOM,Total,175.7,183.3,191.0,198.6,206.3,212.5,218.6,224.8,231.0,237.2,245.2,253.2,261.1,269.1,277.1,285.9,294.7,303.5,312.3,321.2,321.24,321.28,321.32,321.36,321.4,321.42,321.44,321.46,321.48,321.5,175.700515522644,183.340202233067,190.97988894349,198.619575653913,206.259262364336,212.452850337896,218.646438311457,224.840026285017,231.033614258577,237.227202232137,245.197972485371,253.168742738605,261.139512991839,269.110283245074,277.081053498308,285.897718988401,294.714384478493,303.531049968586,312.347715458678,321.164380948771,321.378215538992,321.480484256055
1.A.4. Other sectors,WAM,ESR,12167.0,12162.7,12158.5,12154.2,12150.0,12190.2,12230.4,12270.6,12310.8,12351.0,12364.0,12377.1,12390.1,12403.1,12416.1,12410.6,12405.1,12399.6,12394.1,12388.6,12517.96,12647.32,12776.68,12906.04,13035.4,13089.38,13143.36,13197.34,13251.32,13305.3,12166.9932141402,12162.7408478395,12158.4884815389,12154.2361152382,12149.9837489376,12190.1901176332,12230.3964863289,12270.6028550246,12310.8092237202,12351.0155924159,12364.0407008695,12377.065809323,12390.0909177766,12403.1160262301,12416.1411346837,12410.6312881847,12405.1214416857,12399.6115951867,12394.1017486877,12388.5919021887,13035.4412242071,13305.2683915655
1.A.4. Other sectors,WAM,Total,12167.0,12162.7,12158.5,12154.2,12150.0,12190.2,12230.4,12270.6,12310.8,12351.0,12364.0,12377.1,12390.1,12403.1,12416.1,12410.6,12405.1,12399.6,12394.1,12388.6,12517.96,12647.32,12776.68,12906.04,13035.4,13089.38,13143.36,13197.34,13251.32,13305.3,12166.9932141402,12162.7408478395,12158.4884815389,12154.2361152382,12149.9837489376,12190.1901176332,12230.3964863289,12270.6028550246,12310.8092237202,12351.0155924159,12364.0407008695,12377.065809323,12390.0909177766,12403.1160262301,12416.1411346837,12410.6312881847,12405.1214416857,12399.6115951867,12394.1017486877,12388.5919021887,13035.4412242071,13305.2683915655
1.A.4. Other sectors,WEM,ESR,12200.6,12230.0,12259.3,12288.7,12318.1,12355.7,12393.2,12430.8,12468.4,12506.0,12564.6,12623.2,12681.8,12740.4,12799.0,12865.2,12931.3,12997.5,13063.7,13129.9,13333.8,13537.7,13741.6,13945.5,14149.4,14266.76,14384.12,14501.48,14618.84,14736.2,12200.6104294153,12229.9752783898,12259.3401273642,12288.7049763387,12318.0698253131,12355.6574048961,12393.244984479,12430.8325640619,12468.4201436449,12506.0077232278,12564.6030330712,12623.1983429146,12681.7936527579,12740.3889626013,12798.9842724447,12865.1656784138,12931.3470843829,12997.5284903521,13063.7098963212,13129.8913022904,14149.4133566147,14736.1525601032
1.A.4. Other sectors,WEM,Total,12200.6,12230.0,12259.3,12288.7,12318.1,12355.7,12393.2,12430.8,12468.4,12506.0,12564.6,12623.2,12681.8,12740.4,12799.0,12865.2,12931.3,12997.5,13063.7,13129.9,13333.8,13537.7,13741.6,13945.5,14149.4,14266.76,14384.12,14501.48,14618.84,14736.2,12200.6104294153,12229.9752783898,12259.3401273642,12288.7049763387,12318.0698253131,12355.6574048961,12393.244984479,12430.8325640619,12468.4201436449,12506.0077232278,12564.6030330712,12623.1983429146,12681.7936527579,12740.3889626013,12798.9842724447,12865.1656784138,12931.3470843829,12997.5284903521,13063.7098963212,13129.8913022904,14149.4133566147,14736.1525601032
1.A.4. Other sectors,WOM,Total,14275.2,14428.8,14582.4,14736.0,14889.6,15079.5,15269.3,15459.2,15649.0,15838.9,16048.4,16257.8,16467.3,16676.8,16886.2,17117.0,17347.8,17578.6,17809.4,18040.2,18354.62,18669.04,18983.46,19297.88,19612.3,19827.92,20043.54,20259.16,20474.78,20690.4,14275.1654719589,14428.7811039692,14582.3967359794,14736.0123679897,14889.628,15079.4789,15269.3298,15459.1807,15649.0316,15838.8825,16048.3558,16257.8291,16467.3024,16676.7757,16886.249,17117.0487,17347.8484,17578.6481,17809.4478,18040.2475,19612.2765,20690.3605
1.A.5. Other,WAM,ESR,646.6,643.3,639.9,636.6,633.3,639.7,646.1,652.6,659.0,665.4,672.2,678.9,685.7,692.5,699.2,706.4,713.5,720.7,727.9,735.0,735.0,735.0,735.0,735.0,735.0,735.0,735.0,735.0,735.0,735.0,646.641794352929,643.293845764697,639.945897176464,636.597948588232,633.25,639.684,646.118,652.552,658.986,665.42,672.18,678.94,685.7,692.46,699.22,706.379,713.538,720.697,727.856,735.015,735.015,735.015
1.A.5. Other,WAM,Total,646.6,643.3,639.9,636.6,633.3,639.7,646.1,652.6,659.0,665.4,672.2,678.9,685.7,692.5,699.2,706.4,713.5,720.7,727.9,735.0,735.0,735.0,735.0,735.0,735.0,735.0,735.0,735.0,735.0,735.0,646.641794352929,643.293845764697,639.945897176464,636.597948588232,633.25,639.684,646.118,652.552,658.986,665.42,672.18,678.94,685.7,692.46,699.22,706.379,713.538,720.697,727.856,735.015,735.015,735.015
1.A.5. Other,WEM,ESR,646.6,643.3,639.9,636.6,633.3,639.7,646.1,652.6,659.0,665.4,672.2,678.9,685.7,692.5,699.2,706.4,713.5,720.7,727.9,735.0,735.08,735.16,735.24,735.32,735.4,735.48,735.56,735.64,735.72,735.8,646.641794352929,643.293845764697,639.945897176464,636.597948588232,633.25,639.684,646.118,652.552,658.986,665.42,672.18,678.94,685.7,692.46,699.22,706.379,713.538,720.697,727.856,735.015,735.4125,735.81
1.A.5. Other,WEM,Total,646.6,643.3,639.9,636.6,633.3,639.7,646.1,652.6,659.0,665.4,672.2,678.9,685.7,692.5,699.2,706.4,713.5,720.7,727.9,735.0,735.08,735.16,735.24,735.32,735.4,735.48,735.56,735.64,735.72,735.8,646.641794352929,643.293845764697,639.945897176464,636.597948588232,633.25,639.684,646.118,652.552,658.986,665.42,672.18,678.94,685.7,692.46,699.22,706.379,713.538,720.697,727.856,735.015,735.4125,735.81
1.A.5. Other,WOM,Total,1242.1,1242.1,1242.1,1242.1,1242.1,1242.1,1242.1,1242.1,1242.1,1242.1,1242.1,1242.1,1242.1,1242.1,1242.1,1242.1,1242.1,1242.1,1242.1,1242.1,1242.1,1242.1,1242.1,1242.1,1242.1,1242.1,1242.1,1242.1,1242.1,1242.1,1242.10699481529,1242.10699481529,1242.10699481529,1242.10699481529,1242.10699481529,1242.10699481529,1242.10699481529,1242.10699481529,1242.10699481529,1242.10699481529,1242.10699481529,1242.10699481529,1242.10699481529,1242.10699481529,1242.10699481529,1242.10699481529,1242.10699481529,1242.10699481529,1242.10699481529,1242.10699481529,1242.10699481529,1242.10699481529
1.B. Fugitive emissions from fuels,WAM,ESR,9442.7,9366.0,9289.2,9212.5,9135.8,9063.7,8991.7,8919.6,8847.5,8775.4,8756.8,8738.2,8719.6,8701.0,8682.4,8580.5,8478.5,8376.6,8274.7,8172.8,6741.86,5310.92,3879.98,2449.04,1018.1,1028.46,1038.82,1049.18,1059.54,1069.9,9442.68118935754,9365.96339201816,9289.24559467877,9212.52779733939,9135.81,9063.736,8991.662,8919.588,8847.514,8775.44,8756.832,8738.224,8719.616,8701.008,8682.4,8580.474,8478.548,8376.622,8274.696,8172.77,1018.06,1069.9
1.B. Fugitive emissions from fuels,WAM,Total,9442.7,9366.0,9289.2,9212.5,9135.8,9063.7,8991.7,8919.6,8847.5,8775.4,8756.8,8738.2,8719.6,8701.0,8682.4,8580.5,8478.5,8376.6,8274.7,8172.8,6741.86,5310.92,3879.98,2449.04,1018.1,1028.46,1038.82,1049.18,1059.54,1069.9,9442.68118935754,9365.96339201816,9289.24559467877,9212.52779733939,9135.81,9063.736,8991.662,8919.588,8847.514,8775.44,8756.832,8738.224,8719.616,8701.008,8682.4,8580.474,8478.548,8376.622,8274.696,8172.77,1018.06,1069.9
1.B. Fugitive emissions from fuels,WEM,ESR,9442.7,9366.0,9289.2,9212.5,9135.8,9063.7,8991.7,8919.6,8847.5,8775.4,8756.8,8738.2,8719.6,8701.0,8682.4,8580.5,8478.5,8376.6,8274.7,8172.8,6741.86,5310.92,3879.98,2449.04,1018.1,1028.46,1038.82,1049.18,1059.54,1069.9,9442.68118935754,9365.96339201816,9289.24559467877,9212.52779733939,9135.81,9063.736,8991.662,8919.588,8847.514,8775.44,8756.832,8738.224,8719.616,8701.008,8682.4,8580.474,8478.548,8376.622,8274.696,8172.77,1018.06,1069.9
1.B. Fugitive emissions from fuels,WEM,Total,9442.7,9366.0,9289.2,9212.5,9135.8,9063.7,8991.7,8919.6,8847.5,8775.4,8756.8,8738.2,8719.6,8701.0,8682.4,8580.5,8478.5,8376.6,8274.7,8172.8,6741.86,5310.92,3879.98,2449.04,1018.1,1028.46,1038.82,1049.18,1059.54,1069.9,9442.68118935754,9365.96339201816,9289.24559467877,9212.52779733939,9135.81,9063.736,8991.662,8919.588,8847.514,8775.44,8756.832,8738.224,8719.616,8701.008,8682.4,8580.474,8478.548,8376.622,8274.696,8172.77,1018.06,1069.9
1.B. Fugitive emissions from fuels,WOM,Total,18176.4,18176.3,18176.1,18176.0,18175.8,18175.8,18175.8,18175.8,18175.8,18175.8,18175.8,18175.8,18175.8,18175.8,18175.8,18175.8,18175.8,18175.8,18175.8,18175.8,18175.8,18175.8,18175.8,18175.8,18175.8,18175.8,18175.8,18175.8,18175.8,18175.8,18176.3943690663,18176.2541497514,18176.1139304365,18175.9737111216,18175.8334918067,18175.8334918067,18175.8334918067,18175.8334918067,18175.8334918067,18175.8334918067,18175.8334918067,18175.8334918067,18175.8334918067,18175.8334918067,18175.8334918067,18175.8334918067,18175.8334918067,18175.8334918067,18175.8334918067,18175.8334918067,18175.8334918067,18175.8334918067
2. Industrial processes,WAM,ESR,2585.6,2536.3,2487.0,2437.8,2388.5,2348.3,2308.2,2268.0,2227.9,2187.7,2171.6,2155.5,2139.3,2123.2,2107.1,2094.8,2082.5,2070.2,2057.9,2045.6,2046.78,2047.96,2049.14,2050.32,2051.5,2052.68,2053.86,2055.04,2056.22,2057.4,2585.55414589184,2536.28883464671,2487.02352340158,2437.75821215645,2388.49290091133,2348.33936900417,2308.18583709701,2268.03230518985,2227.87877328269,2187.72524137553,2171.5955047215,2155.46576806747,2139.33603141345,2123.20629475942,2107.07655810539,2094.77379482152,2082.47103153766,2070.16826825379,2057.86550496992,2045.56274168606,2051.45981738605,2057.38849448605
2. Industrial processes,WAM,ETS,9762.6,9425.8,9089.0,8752.2,8415.4,8030.3,7645.2,7260.1,6875.0,6489.9,6532.0,6574.2,6616.3,6658.4,6700.5,6738.5,6776.5,6814.4,6852.4,6890.4,6920.78,6951.16,6981.54,7011.92,7042.3,7074.88,7107.46,7140.04,7172.62,7205.2,9762.64881747395,9425.82942618717,9089.0100349004,8752.19064361363,8415.37125232686,8030.27936237818,7645.18747242951,7260.09558248083,6875.00369253215,6489.91180258347,6532.03335969184,6574.1549168002,6616.27647390856,6658.39803101692,6700.51958812528,6738.48902522649,6776.4584623277,6814.42789942891,6852.39733653012,6890.36677363133,7042.28852411391,7205.15247173476
2. Industrial processes,WAM,Total,12348.2,11962.1,11576.0,11189.9,10803.9,10378.6,9953.4,9528.1,9102.9,8677.6,8703.6,8729.6,8755.6,8781.6,8807.6,8833.3,8858.9,8884.6,8910.3,8935.9,8967.46,8999.02,9030.58,9062.14,9093.7,9127.46,9161.22,9194.98,9228.74,9262.5,12348.2029633658,11962.1182608339,11576.033558302,11189.9488557701,10803.8641532382,10378.6187313823,9953.37330952651,9528.12788767068,9102.88246581484,8677.637043959,8703.62886441334,8729.62068486767,8755.612505322,8781.60432577634,8807.59614623067,8833.26282004801,8858.92949386536,8884.5961676827,8910.26284150004,8935.92951531738,9093.74834149996,9262.54096622081
2. Industrial processes,WEM,ESR,2585.7,2536.6,2487.4,2438.3,2389.2,2349.3,2309.4,2269.6,2229.7,2189.8,2173.7,2157.6,2141.5,2125.4,2109.3,2097.1,2084.8,2072.5,2060.3,2048.0,2049.2,2050.4,2051.6,2052.8,2054.0,2055.2,2056.4,2057.6,2058.8,2060.0,2585.69288565184,2536.56631416671,2487.43974268158,2438.31317119645,2389.18659971133,2349.31449698417,2309.442394257,2269.57029152985,2229.69818880269,2189.82608607553,2173.7288792415,2157.63167240747,2141.53446557344,2125.43725873942,2109.34005190539,2097.07387600153,2084.80770009766,2072.54152419379,2060.27534828992,2048.00917238605,2053.96195248606,2060.00190388605
2. Industrial processes,WEM,ETS,9783.2,9466.9,9150.6,8834.3,8517.9,8154.6,7791.2,7427.8,7064.5,6701.1,6745.9,6790.7,6835.5,6880.3,6925.2,6947.7,6970.3,6992.8,7015.4,7038.0,7069.2,7100.4,7131.6,7162.8,7194.0,7227.42,7260.84,7294.26,7327.68,7361.1,9783.1643690383,9466.86052931589,9150.55668959347,8834.25284987105,8517.94901014864,8154.57740897354,7791.20580779844,7427.83420662334,7064.46260544823,6701.09100427313,6745.90354951507,6790.71609475701,6835.52863999895,6880.34118524089,6925.15373048282,6947.71315859613,6970.27258670943,6992.83201482274,7015.39144293604,7037.95087104935,7194.00680909241,7361.13727364287
2. Industrial processes,WEM,Total,12368.9,12003.4,11638.0,11272.6,10907.1,10503.9,10100.6,9697.4,9294.2,8890.9,8919.6,8948.3,8977.1,9005.8,9034.5,9044.8,9055.1,9065.4,9075.7,9086.0,9118.4,9150.8,9183.2,9215.6,9248.0,9282.62,9317.24,9351.86,9386.48,9421.1,12368.8572546901,12003.4268434826,11637.9964322751,11272.5660210675,10907.13560986,10503.8919059577,10100.6482020554,9697.40449815318,9294.16079425092,8890.91709034866,8919.63242875657,8948.34776716448,8977.06310557239,9005.7784439803,9034.49378238822,9044.78703459765,9055.08028680709,9065.37353901653,9075.66679122597,9085.9600434354,9247.96876157846,9421.13917752893
2. Industrial processes,WOM,Total,15847.8,15539.4,15231.0,14922.5,14614.1,14534.0,14454.0,14373.9,14293.8,14213.7,14332.4,14451.1,14569.7,14688.4,14807.1,14889.1,14971.1,15053.1,15135.2,15217.2,15297.12,15377.04,15456.96,15536.88,15616.8,15691.0,15765.2,15839.4,15913.6,15987.8,15847.8275545565,15539.4007732466,15230.9739919366,14922.5472106267,14614.1204293168,14534.0429229615,14453.9654166062,14373.8879102509,14293.8104038957,14213.7328975404,14332.4025030872,14451.0721086341,14569.741714181,14688.4113197278,14807.0809252747,14889.0989186946,14971.1169121146,15053.1349055345,15135.1528989544,15217.1708923744,15616.8354767437,15987.7892363783
3. Agriculture,WAM,ESR,19226.7,19729.2,20231.7,20734.2,21236.7,21290.8,21344.9,21399.0,21453.1,21507.2,21534.1,21561.1,21588.0,21615.0,21641.9,21848.0,22054.0,22260.0,22466.0,22672.0,22589.28,22506.56,22423.84,22341.12,22258.4,22250.68,22242.96,22235.24,22227.52,22219.8,19226.7457349984,19729.2374849889,20231.7292349793,20734.2209849698,21236.7127349602,21290.8017679243,21344.8908008883,21398.9798338523,21453.0688668164,21507.1578997804,21534.1158613886,21561.0738229969,21588.0317846052,21614.9897462134,21641.9477078217,21847.9585971427,22053.9694864637,22259.9803757846,22465.9912651056,22672.0021544266,22258.412978433,22219.791851403
3. Agriculture,WAM,Total,19226.7,19729.2,20231.7,20734.2,21236.7,21290.8,21344.9,21399.0,21453.1,21507.2,21534.1,21561.1,21588.0,21615.0,21641.9,21848.0,22054.0,22260.0,22466.0,22672.0,22589.28,22506.56,22423.84,22341.12,22258.4,22250.68,22242.96,22235.24,22227.52,22219.8,19226.7457349984,19729.2374849889,20231.7292349793,20734.2209849698,21236.7127349602,21290.8017679243,21344.8908008883,21398.9798338523,21453.0688668164,21507.1578997804,21534.1158613886,21561.0738229969,21588.0317846052,21614.9897462134,21641.9477078217,21847.9585971427,22053.9694864637,22259.9803757846,22465.9912651056,22672.0021544266,22258.412978433,22219.791851403
3. Agriculture,WEM,ESR,19283.7,19843.2,20402.7,20962.2,21521.6,21615.1,21708.5,21801.9,21895.3,21988.8,22063.4,22138.0,22212.6,22287.2,22361.9,22622.3,22882.7,23143.0,23403.4,23663.8,23646.88,23629.96,23613.04,23596.12,23579.2,23603.28,23627.36,23651.44,23675.52,23699.6,19283.7317349984,19843.2094849889,20402.6872349793,20962.1649849698,21521.6427349602,21615.0687679243,21708.4948008883,21801.9208338523,21895.3468668163,21988.7728997804,22063.3911613886,22138.0094229969,22212.6276846052,22287.2459462134,22361.8642078217,22622.2586971427,22882.6531864637,23143.0476757846,23403.4421651056,23663.8366544266,23579.214978433,23699.647351403
3. Agriculture,WEM,Total,19283.7,19843.2,20402.7,20962.2,21521.6,21615.1,21708.5,21801.9,21895.3,21988.8,22063.4,22138.0,22212.6,22287.2,22361.9,22622.3,22882.7,23143.0,23403.4,23663.8,23646.88,23629.96,23613.04,23596.12,23579.2,23603.28,23627.36,23651.44,23675.52,23699.6,19283.7317349984,19843.2094849889,20402.6872349793,20962.1649849698,21521.6427349602,21615.0687679243,21708.4948008883,21801.9208338523,21895.3468668163,21988.7728997804,22063.3911613886,22138.0094229969,22212.6276846052,22287.2459462134,22361.8642078217,22622.2586971427,22882.6531864637,23143.0476757846,23403.4421651056,23663.8366544266,23579.214978433,23699.647351403
3. Agriculture,WOM,Total,24686.6,25128.8,25571.1,26013.3,26455.5,26845.6,27235.7,27625.7,28015.8,28405.9,28836.0,29266.1,29696.2,30126.3,30556.4,31271.2,31986.1,32701.0,33415.8,34130.7,34627.02,35123.34,35619.66,36115.98,36612.3,37241.46,37870.62,38499.78,39128.94,39758.1,24686.623339429,25128.8452390037,25571.0671385785,26013.2890381532,26455.510937728,26845.5829345687,27235.6549314094,27625.7269282502,28015.7989250909,28405.8709219316,28835.9696686388,29266.0684153459,29696.1671620531,30126.2659087603,30556.3646554674,31271.2269569208,31986.0892583741,32700.9515598274,33415.8138612807,34130.676162734,36612.3203594711,39758.1336402307
"4. Land Use, Land-Use Change and Forestry (LULUCF, reported emissions and removals) (9)",WAM,Total,-36084.3,-36323.9,-36570.1,-36813.0,-37045.0,-37289.0,-37659.2,-38033.0,-38463.6,-38797.4,-39134.6,-39422.7,-39735.8,-40062.2,-40399.9,-40735.0,-41069.1,-41403.0,-41745.2,-42093.6,-42433.86,-42774.12,-43114.38,-43454.64,-43794.9,-44140.8,-44486.7,-44832.6,-45178.5,-45524.4,-36084.3079453223,-36323.9381611714,-36570.1044243398,-36813.0419860491,-37044.9503294502,-37288.9724488933,-37659.2120734398,-38033.0265346591,-38463.5681326321,-38797.3586791609,-39134.5955550672,-39422.6587326179,-39735.7789616515,-40062.1597345471,-40399.8630861031,-40735.0077570641,-41069.1434092619,-41402.9855366418,-41745.2475162729,-42093.6393622447,-43794.9350781348,-45524.370481889
"4. Land Use, Land-Use Change and Forestry (LULUCF, reported emissions and removals) (9)",WEM,Total,-33546.3,-31872.7,-31401.2,-31780.4,-31319.1,-31704.7,-31268.0,-31685.6,-31279.5,-31683.4,-31230.4,-31626.4,-31189.3,-31603.1,-31167.3,-31577.8,-31136.3,-31545.8,-31108.8,-31522.9,-31518.66,-31514.42,-31510.18,-31505.94,-31501.7,-31473.72,-31445.74,-31417.76,-31389.78,-31361.8,-33546.3076017452,-31872.6543979154,-31401.1531418281,-31780.4016851278,-31319.0534528422,-31704.7209692741,-31268.0304257612,-31685.6091024471,-31279.4524127965,-31683.3820714018,-31230.4238523471,-31626.3804462443,-31189.3151179897,-31603.0794024735,-31167.3018027201,-31577.7685327643,-31136.2955824039,-31545.7605069234,-31108.8254350272,-31522.8943676701,-31501.6918445537,-31361.7971523445
"4. Land Use, Land-Use Change and Forestry (LULUCF, reported emissions and removals) (9)",WOM,Total,-23994.0,-23412.8,-22822.5,-22225.5,-21605.0,-21051.3,-20433.7,-19882.1,-19332.1,-18746.6,-18151.8,-17521.6,-16981.7,-16348.0,-15777.5,-15185.4,-14584.3,-13981.7,-13345.6,-12782.5,-12148.64,-11514.78,-10880.92,-10247.06,-9613.2,-8960.4,-8307.6,-7654.8,-7002.0,-6349.2,-23993.9636394771,-23412.8095317323,-22822.505033842,-22225.4775630773,-21605.0056264286,-21051.2729107802,-20433.6659240899,-19882.0715768582,-19332.143383674,-18746.6092991136,-18151.7578202416,-17521.5797386398,-16981.7374539983,-16348.0199684404,-15777.5397702508,-15185.443289424,-14584.2521325691,-13981.6902893162,-13345.6011172964,-12782.4531855889,-9613.24431367868,-6349.19234157373
4.A. Forest land,WAM,Total,-24765.1,-24888.0,-24987.9,-25113.9,-25252.6,-25392.1,-25560.7,-25733.5,-25928.7,-26095.2,-26261.0,-26376.2,-26509.2,-26644.7,-26778.4,-26910.4,-27041.4,-27173.8,-27310.5,-27450.1,-27585.6,-27721.1,-27856.6,-27992.1,-28127.6,-28263.08,-28398.56,-28534.04,-28669.52,-28805.0,-24765.1147565902,-24888.0311683533,-24987.890146286,-25113.9139753054,-25252.6039714984,-25392.0995400762,-25560.7002700052,-25733.5311514349,-25928.7205582321,-26095.2027975648,-26261.0411807576,-26376.2061194551,-26509.1516765577,-26644.6613229023,-26778.3633752093,-26910.3576931391,-27041.3629092221,-27173.7936572461,-27310.5030327062,-27450.1082861945,-28127.5610305094,-28805.0137748242
4.A. Forest land,WEM,Total,-25445.1,-23566.5,-22898.5,-23077.7,-22422.8,-22612.4,-21987.4,-22214.5,-21625.5,-21844.3,-21213.5,-21435.9,-20832.0,-21075.4,-20472.7,-20712.1,-20105.7,-20345.8,-19745.2,-19990.8,-19805.46,-19620.12,-19434.78,-19249.44,-19064.1,-18878.74,-18693.38,-18508.02,-18322.66,-18137.3,-25445.1298897228,-23566.4667031179,-22898.4698209098,-23077.7266781213,-22422.7636697962,-22612.4158825165,-21987.3874726642,-22214.5304421541,-21625.5487644632,-21844.3419632221,-21213.5334032181,-21435.8540211771,-20832.0008280691,-21075.4402531419,-20472.6825480485,-20712.1357176631,-20105.721867584,-20345.7923960327,-19745.2253424973,-19990.8328271422,-19064.0782591023,-18137.3236910623
4.A. Forest land,WOM,Total,-22776.9,-22457.5,-22130.5,-21802.6,-21488.3,-21169.4,-20883.2,-20601.1,-20339.3,-20048.9,-19752.7,-19464.4,-19194.0,-18925.7,-18655.0,-18381.0,-18104.5,-17830.1,-17558.1,-17286.6,-17010.38,-16734.16,-16457.94,-16181.72,-15905.5,-15629.26,-15353.02,-15076.78,-14800.54,-14524.3,-22776.9453059554,-22457.5469497861,-22130.4610786451,-21802.5810537386,-21488.3355647761,-21169.3957641649,-20883.2488047175,-20601.1268798063,-20339.2742362668,-20048.8830616343,-19752.7181437037,-19464.4110244411,-19194.047459081,-18925.6921831034,-18654.989884336,-18380.965171851,-18104.4969805278,-17830.0932263422,-17558.0832719165,-17286.6111961698,-15905.4752634375,-14524.3393307053
4.B. Cropland,WAM,Total,-6972.3,-7362.7,-7757.2,-8152.7,-8550.9,-8950.6,-9352.7,-9757.2,-10164.3,-10572.7,-10982.8,-11388.5,-11796.0,-12205.2,-12616.2,-13028.7,-13442.6,-13858.2,-14275.2,-14693.5,-15116.2,-15538.9,-15961.6,-16384.3,-16807.0,-17235.34,-17663.68,-18092.02,-18520.36,-18948.7,-6972.34224104903,-7362.67421329942,-7757.24277494347,-8152.72805275619,-8550.893780388,-8950.62309045565,-9352.71630935617,-9757.2245396282,-10164.2802312013,-10572.661156476,-10982.8161829482,-11388.5087946893,-11795.9954749245,-12205.1784434532,-12616.1633038621,-13028.6592513948,-13442.6373734845,-13858.1912157583,-14275.1682139548,-14693.4623590104,-16807.0300613051,-18948.7449527385
4.B. Cropland,WEM,Total,-5328.7,-5480.9,-5634.5,-5790.5,-5948.4,-6107.7,-6268.4,-6431.3,-6595.5,-6761.6,-6928.9,-7091.6,-7255.3,-7420.7,-7587.4,-7755.7,-7924.9,-8095.7,-8267.2,-8440.3,-8617.14,-8793.98,-8970.82,-9147.66,-9324.5,-9506.1,-9687.7,-9869.3,-10050.9,-10232.5,-5328.73312333289,-5480.88827033999,-5634.49830851008,-5790.54619886973,-5948.40168737231,-6107.71306635646,-6268.4481383048,-6431.31932800427,-6595.47513188763,-6761.63242929765,-6928.94654479673,-7091.57702599774,-7255.25070418042,-7420.72797533663,-7587.35060590227,-7755.68500807114,-7924.8616833743,-8095.66482490159,-8267.222261825,-8440.32931479936,-9324.50904378565,-10232.4658994903
4.B. Cropland,WOM,Total,-2253.3,-2248.7,-2244.1,-2239.4,-2235.0,-2229.7,-2224.4,-2219.0,-2213.7,-2208.3,-2202.9,-2190.9,-2178.9,-2166.9,-2155.0,-2143.2,-2131.3,-2119.4,-2107.4,-2095.5,-2084.2,-2072.9,-2061.6,-2050.3,-2039.0,-2027.72,-2016.44,-2005.16,-1993.88,-1982.6,-2253.33939052087,-2248.71721571831,-2244.07642141348,-2239.4174017154,-2234.96340377838,-2229.67430435877,-2224.36851413922,-2219.04668474647,-2213.70955047608,-2208.33714942188,-2202.94548084218,-2190.94762503708,-2178.93024149091,-2166.893082391,-2155.042292806,-2143.17089869228,-2131.27826801914,-2119.36358136224,-2107.42867583472,-2095.47341935816,-2039.0415543263,-1982.60968929444
4.C. Grassland,WAM,Total,-2338.3,-2175.6,-2022.7,-1856.3,-1689.5,-1523.0,-1357.1,-1192.8,-1032.1,-866.3,-699.4,-530.6,-361.9,-193.2,-25.9,142.0,310.2,477.6,645.1,813.0,980.94,1148.88,1316.82,1484.76,1652.7,1820.64,1988.58,2156.52,2324.46,2492.4,-2338.33814526014,-2175.5573578231,-2022.67826947829,-1856.30334435426,-1689.4669158027,-1523.0038846587,-1357.05582138815,-1192.82837974424,-1032.05100888759,-866.267292866467,-699.435147927914,-530.596475001048,-361.946871421527,-193.246441025479,-25.9125963615312,141.958965810644,310.172406449685,477.639425758703,645.119945276826,813.044617665993,1652.70057293222,2492.35652819845
4.C. Grassland,WEM,Total,-1837.5,-1953.2,-2052.5,-2144.9,-2225.7,-2302.0,-2367.8,-2429.9,-2482.8,-2533.1,-2575.3,-2611.7,-2640.8,-2669.2,-2692.6,-2716.0,-2733.2,-2750.9,-2762.9,-2776.0,-2805.38,-2834.76,-2864.14,-2893.52,-2922.9,-2924.7,-2926.5,-2928.3,-2930.1,-2931.9,-1837.47356312462,-1953.17397455289,-2052.53228562275,-2144.94802224491,-2225.71580049583,-2301.96998103687,-2367.78788332279,-2429.90149513052,-2482.82622137602,-2533.14724533413,-2575.2715769854,-2611.73451097533,-2640.82787539674,-2669.21148446675,-2692.60915791377,-2715.96999764172,-2733.18158539925,-2750.90842213538,-2762.94217686548,-2775.96443013191,-2922.8995207071,-2931.88445788199
4.C. Grassland,WOM,Total,193.6,366.2,543.2,724.6,910.1,1099.3,1292.9,1490.8,1693.1,1899.9,2111.1,2330.9,2555.0,2783.5,3014.8,3250.4,3490.4,3734.8,3983.7,4236.9,4502.32,4767.74,5033.16,5298.58,5564.0,5850.58,6137.16,6423.74,6710.32,6996.9,193.563734085878,366.197495048708,543.218926864251,724.624900404405,910.104145577884,1099.3050039079,1292.87827645165,1490.81883148552,1693.12089479883,1899.93908590057,2111.14932339073,2330.88612855749,2555.01681666664,2783.54321521176,3014.75808723908,3250.37490193413,3490.39845817325,3734.83500493748,3983.67020079817,4236.90496326706,5564.04504119233,6996.93771943214
4.D. Wetlands,WAM,Total,-153.1,-150.5,-147.9,-145.3,-142.7,-140.1,-137.6,-135.0,-132.4,-129.9,-127.3,-123.9,-120.6,-117.2,-113.9,-110.5,-107.1,-103.8,-100.4,-97.1,-93.82,-90.54,-87.26,-83.98,-80.7,-77.4,-74.1,-70.8,-67.5,-64.2,-153.051924279036,-150.461798463867,-147.871326786768,-145.280511377837,-142.710180182719,-140.139509476967,-137.568501351843,-134.99715788582,-132.425481144661,-129.853473181497,-127.281136036907,-123.92489993899,-120.568338703443,-117.211454333638,-113.854248820698,-110.496724143568,-107.138882269095,-103.780725152097,-100.422254735438,-97.0634729501031,-80.656746155228,-64.2425180857251
4.D. Wetlands,WEM,Total,-187.6,-193.1,-198.3,-203.3,-208.2,-213.0,-217.7,-222.2,-226.7,-231.1,-235.4,-238.9,-242.3,-245.7,-249.1,-252.4,-255.7,-258.9,-262.2,-265.4,-268.68,-271.96,-275.24,-278.52,-281.8,-285.02,-288.24,-291.46,-294.68,-297.9,-187.639677765963,-193.067615649852,-198.287516071163,-203.327655689043,-208.233190766026,-213.00425018758,-217.658897387992,-222.212716508285,-226.679163282443,-231.069864310252,-235.394872658071,-238.879314646902,-242.314292422016,-245.706329011852,-249.061077844753,-252.383441074669,-255.677671350342,-258.947459429431,-262.196009675369,-265.426105168827,-281.765940731163,-297.899463232012
4.D. Wetlands,WOM,Total,773.9,772.8,771.8,770.8,769.9,769.1,768.2,767.4,766.6,765.8,765.0,765.0,765.0,765.0,765.0,764.9,764.9,764.8,764.8,764.7,764.52,764.34,764.16,763.98,763.8,763.58,763.36,763.14,762.92,762.7,773.868615307105,772.761045690099,771.7538126761,770.821166627139,769.922401746877,769.063005982064,768.231156056165,767.417748084382,766.61578212468,765.819885858689,765.025945952969,765.01439456007,764.999273120827,764.978776887669,764.951550884459,764.916587569182,764.873147639988,764.820698753005,764.758868102945,764.687405732746,763.790596738487,762.650647126082
4.E. Settlements,WAM,Total,1614.5,1603.4,1586.9,1577.6,1568.8,1559.6,1550.1,1539.7,1527.5,1518.0,1509.1,1494.7,1480.3,1465.9,1450.6,1435.6,1420.8,1405.7,1390.5,1375.6,1361.38,1347.16,1332.94,1318.72,1304.5,1290.26,1276.02,1261.78,1247.54,1233.3,1614.53981614246,1603.36341702515,1586.87241940242,1577.63022722763,1568.81731639091,1559.57302036365,1550.0853071024,1539.69981058407,1527.47260558222,1517.9626198173,1509.05115790964,1494.71632598123,1480.30350870114,1465.94181840247,1450.62110455051,1435.61750609284,1420.82627099654,1405.65447964742,1390.51368598124,1375.63900206066,1304.47719318233,1233.31538430401
4.E. Settlements,WEM,Total,2159.8,2137.5,2118.8,2099.7,2082.9,2064.9,2049.2,2032.8,2018.6,2003.6,1990.8,1972.8,1956.9,1940.1,1924.1,1907.2,1892.3,1876.3,1862.3,1847.2,1833.64,1820.08,1806.52,1792.96,1779.4,1766.72,1754.04,1741.36,1728.68,1716.0,2159.81457047574,2137.4843015698,2118.82267421381,2099.70464613639,2082.92154694991,2064.93343994319,2049.21774597522,2032.79807077432,2018.58185503385,2003.61155009584,1990.79988638158,1972.80301362334,1956.91872982257,1940.07598831047,1924.13871291192,1907.17698479736,1892.25934445417,1876.26097658435,1862.27594731602,1847.15232531212,1779.40088371564,1715.96227146853
4.E. Settlements,WOM,Total,2612.6,2638.1,2664.3,2691.1,2718.4,2745.6,2773.2,2801.3,2829.7,2858.6,2887.8,2913.0,2938.4,2964.2,2989.0,3014.0,3039.3,3064.8,3090.5,3116.4,3142.82,3169.24,3195.66,3222.08,3248.5,3275.12,3301.74,3328.36,3354.98,3381.6,2612.62418228289,2638.12064057694,2664.29263953181,2691.07485603943,2718.39255777565,2745.59263208753,2773.2456935983,2801.30974651045,2829.7469473902,2858.60102247678,2887.78435590487,2912.96974829497,2938.43913398895,2964.17415663914,2988.98993716234,3014.04217407803,3039.31977065342,3064.81385224316,3090.50693012989,3116.39009592981,3248.50755067532,3381.55254258273
4.F. Other Land,WAM,Total,132.8,130.7,128.6,126.5,124.3,122.5,120.6,118.7,116.9,115.0,113.1,111.2,109.4,107.5,105.6,103.8,101.9,100.0,98.2,96.3,94.42,92.54,90.66,88.78,86.9,85.04,83.18,81.32,79.46,77.6,132.814596905227,130.696425468932,128.578254032637,126.460082596342,124.335126988618,122.465425830894,120.595724673171,118.726023515447,116.856322357724,114.9866212,113.116920042277,111.247218884553,109.377517726829,107.507816569106,105.638115411382,103.768414253659,101.898713095935,100.029011938211,98.1593107804879,96.2896096227643,86.9411038341464,77.5925980455285
4.F. Other Land,WEM,Total,61.3,52.2,43.1,34.1,25.0,16.2,7.4,-1.4,-10.2,-19.0,-27.9,-36.7,-45.5,-54.3,-63.1,-71.9,-80.7,-89.5,-98.4,-107.2,-116.0,-124.8,-133.6,-142.4,-151.2,-160.02,-168.84,-177.66,-186.48,-195.3,61.2631597301588,52.2022920156899,43.141424301221,34.0805565867522,25.0129047008547,16.2005072649573,7.38810982905984,-1.42428760683761,-10.2366850427351,-19.0490824786325,-27.8614799145299,-36.6738773504274,-45.4862747863248,-54.2986722222223,-63.1110696581197,-71.9234670940171,-80.7358645299146,-89.5482619658121,-98.3606594017095,-107.173056837607,-151.235044017094,-195.297031196581
4.F. Other Land,WOM,Total,198.0,206.6,209.4,212.0,246.9,206.0,257.4,242.8,242.8,245.8,248.7,283.9,243.0,294.4,279.8,279.8,282.8,285.7,320.9,280.0,288.54,297.08,305.62,314.16,322.7,328.92,335.14,341.36,347.58,353.8,198.043931025843,206.570852879495,209.359907145109,211.964107732,246.875721417724,206.021364413581,257.440718668941,242.760490544867,242.77279942794,245.826510195553,248.690399921922,283.865340440391,243.014749411272,294.436534230891,279.757874795559,279.771196112004,282.825560305184,285.689871753106,320.86508445111,280.01466908695,322.690075350837,353.771584951097
4.G. Harvested wood products,WAM,Total,-3602.8,-3481.3,-3369.9,-3248.9,-3102.4,-2965.1,-2921.9,-2872.9,-2850.4,-2766.3,-2686.2,-2609.4,-2537.8,-2475.3,-2421.8,-2366.8,-2310.9,-2250.5,-2192.9,-2138.0,-2075.16,-2012.32,-1949.48,-1886.64,-1823.8,-1760.96,-1698.12,-1635.28,-1572.44,-1509.6,-3602.81529119159,-3481.27346572573,-3369.87258028035,-3248.90641207938,-3102.42792495795,-2965.14487042031,-2921.85220311401,-2872.87114006548,-2850.41978110634,-2766.32320008946,-2686.18998534844,-2609.38598839919,-2537.79762647237,-2475.31170780406,-2421.82878181134,-2366.83897454371,-2310.90163482836,-2250.54285582966,-2192.946956915,-2137.97847343903,-1823.80611011382,-1509.6337467886
4.G. Harvested wood products,WEM,Total,-2968.4,-2868.7,-2779.3,-2697.6,-2621.9,-2550.8,-2483.4,-2419.0,-2357.3,-2297.8,-2240.2,-2184.5,-2130.4,-2077.8,-2026.6,-1976.8,-1928.4,-1881.2,-1835.2,-1790.3,-1739.56,-1688.82,-1638.08,-1587.34,-1536.6,-1485.86,-1435.12,-1384.38,-1333.64,-1282.9,-2968.40907800481,-2868.74442784031,-2779.32930922932,-2697.63833292594,-2621.87355606254,-2550.75173638485,-2483.35388988571,-2419.01890381734,-2357.26830177825,-2297.75303685486,-2240.21586115587,-2184.46470972018,-2130.35387295766,-2077.77067660462,-2026.62605626462,-1976.84788601704,-1928.37625462026,-1881.16011904288,-1835.15493207843,-1790.32095890236,-1536.6049199261,-1282.88888094985
4.G. Harvested wood products,WOM,Total,-2741.8,-2690.2,-2636.6,-2582.0,-2527.0,-2472.2,-2417.8,-2364.2,-2311.4,-2259.6,-2208.7,-2159.0,-2110.2,-2062.6,-2016.0,-1970.4,-1925.9,-1882.4,-1839.9,-1798.4,-1752.28,-1706.16,-1660.04,-1613.92,-1567.8,-1521.68,-1475.56,-1429.44,-1383.32,-1337.2,-2741.77940570256,-2690.19540042311,-2636.59282000071,-2581.96413842633,-2527.00148439228,-2472.18484864764,-2417.84445000826,-2364.20482893066,-2311.41602067271,-2259.57559248909,-2208.74422086622,-2158.95670101457,-2110.22972661403,-2062.56738591542,-2015.96504319025,-1970.41207857406,-1925.89382079406,-1882.39290929853,-1839.89025302731,-1798.36570407756,-1567.7607598718,-1337.15581566604
5. Waste,WAM,ESR,5815.0,5109.7,4404.4,3699.2,2993.9,2908.0,2822.1,2736.2,2650.2,2564.3,2509.1,2453.8,2398.6,2343.3,2288.1,2250.5,2213.0,2175.4,2137.9,2100.3,2089.32,2078.34,2067.36,2056.38,2045.4,2035.38,2025.36,2015.34,2005.32,1995.3,5814.96719565394,5109.69562608466,4404.42405651537,3699.15248694608,2993.8809173768,2907.97258340144,2822.06424942608,2736.15591545072,2650.24758147536,2564.3392475,2509.0902475,2453.8412475,2398.5922475,2343.3432475,2288.0942475,2250.5382475,2212.9822475,2175.4262475,2137.8702475,2100.3142475,2045.3592475,1995.2942475
5. Waste,WAM,Total,5815.0,5109.7,4404.4,3699.2,2993.9,2908.0,2822.1,2736.2,2650.2,2564.3,2509.1,2453.8,2398.6,2343.3,2288.1,2250.5,2213.0,2175.4,2137.9,2100.3,2089.32,2078.34,2067.36,2056.38,2045.4,2035.38,2025.36,2015.34,2005.32,1995.3,5814.96719565394,5109.69562608466,4404.42405651537,3699.15248694608,2993.8809173768,2907.97258340144,2822.06424942608,2736.15591545072,2650.24758147536,2564.3392475,2509.0902475,2453.8412475,2398.5922475,2343.3432475,2288.0942475,2250.5382475,2212.9822475,2175.4262475,2137.8702475,2100.3142475,2045.3592475,1995.2942475
5. Waste,WEM,ESR,5870.3,5220.4,4570.4,3920.5,3270.5,3200.4,3130.3,3060.2,2990.1,2919.9,2864.5,2809.1,2753.7,2698.3,2642.9,2598.8,2554.7,2510.6,2466.5,2422.3,2405.86,2389.42,2372.98,2356.54,2340.1,2325.2,2310.3,2295.4,2280.5,2265.6,5870.29925500158,5220.35974477994,4570.4202345583,3920.48072433665,3270.54121411501,3200.41933709347,3130.29746007193,3060.17558305039,2990.05370602885,2919.93182900732,2864.52876136273,2809.12569371814,2753.72262607355,2698.31955842897,2642.91649078438,2598.80128053972,2554.68607029506,2510.5708600504,2466.45564980575,2422.34043956109,2340.05034560498,2265.58426104448
5. Waste,WEM,Total,5870.3,5220.4,4570.4,3920.5,3270.5,3200.4,3130.3,3060.2,2990.1,2919.9,2864.5,2809.1,2753.7,2698.3,2642.9,2598.8,2554.7,2510.6,2466.5,2422.3,2405.86,2389.42,2372.98,2356.54,2340.1,2325.2,2310.3,2295.4,2280.5,2265.6,5870.29925500158,5220.35974477994,4570.4202345583,3920.48072433665,3270.54121411501,3200.41933709347,3130.29746007193,3060.17558305039,2990.05370602885,2919.93182900732,2864.52876136273,2809.12569371814,2753.72262607355,2698.31955842897,2642.91649078438,2598.80128053972,2554.68607029506,2510.5708600504,2466.45564980575,2422.34043956109,2340.05034560498,2265.58426104448
5. Waste,WOM,Total,9276.0,9236.2,9196.5,9156.7,9117.0,9080.6,9044.2,9007.9,8971.5,8935.1,8898.8,8862.6,8826.3,8790.0,8753.8,8720.8,8687.8,8654.8,8621.8,8588.8,8559.06,8529.32,8499.58,8469.84,8440.1,8413.64,8387.18,8360.72,8334.26,8307.8,9275.98185632467,9236.23735699205,9196.49285765941,9156.74835832679,9117.00385899416,9080.61980898654,9044.23575897892,9007.85170897131,8971.46765896369,8935.08360895607,8898.81689730707,8862.55018565807,8826.28347400906,8790.01676236006,8753.75005071105,8720.76026408856,8687.77047746606,8654.78069084356,8621.79090422106,8588.80111759857,8440.14937308401,8307.78493193172
IB.Aviation,WAM,Total,247.9,251.6,251.6,251.6,251.6,251.6,251.6,251.6,251.6,361.6,361.6,361.6,361.6,361.6,361.6,476.6,476.6,476.6,476.6,476.6,481.6,486.6,491.6,496.6,501.6,501.6,501.6,501.6,501.6,501.6,,,,,,,,,,,,,,,,,,,,,,
IB.Aviation,WEM,Total,247.9,251.6,251.6,251.6,251.6,251.6,251.6,251.6,251.6,361.6,361.6,361.6,361.6,361.6,361.6,476.6,476.6,476.6,476.6,476.6,481.6,486.6,491.6,496.6,501.6,501.6,501.6,501.6,501.6,501.6,247.943187962827,251.605,251.605,251.605,251.605,251.605,251.605,251.605,251.605,361.605,361.605,361.605,361.605,361.605,361.605,476.605,476.605,476.605,476.605,476.605,501.605,501.605
IB.Aviation,WOM,Total,247.9,251.6,251.6,251.6,251.6,251.6,251.6,251.6,251.6,361.6,361.6,361.6,361.6,361.6,361.6,476.6,476.6,476.6,476.6,476.6,481.6,486.6,491.6,496.6,501.6,501.6,501.6,501.6,501.6,501.6,,,,,,,,,,,,,,,,,,,,,,
IB.Navigation,WAM,Total,104.5,105.3,105.3,105.3,105.3,105.3,105.3,105.3,105.3,115.3,115.3,115.3,115.3,115.3,115.3,135.3,135.3,135.3,135.3,135.3,138.3,141.3,144.3,147.3,150.3,150.3,150.3,150.3,150.3,150.3,,,,,,,,,,,,,,,,,,,,,,
IB.Navigation,WEM,Total,104.5,105.3,105.3,105.3,105.3,105.3,105.3,105.3,105.3,115.3,115.3,115.3,115.3,115.3,115.3,135.3,135.3,135.3,135.3,135.3,138.3,141.3,144.3,147.3,150.3,150.3,150.3,150.3,150.3,150.3,104.482007957938,105.28,105.28,105.28,105.28,105.28,105.28,105.28,105.28,115.28,115.28,115.28,115.28,115.28,115.28,135.28,135.28,135.28,135.28,135.28,150.28,150.28
IB.Navigation,WOM,Total,104.5,105.3,105.3,105.3,105.3,105.3,105.3,105.3,105.3,115.3,115.3,115.3,115.3,115.3,115.3,135.3,135.3,135.3,135.3,135.3,138.3,141.3,144.3,147.3,150.3,150.3,150.3,150.3,150.3,150.3,,,,,,,,,,,,,,,,,,,,,,
Total excluding LULUCF,WAM,ESR,79644.8,79900.7,80156.6,80412.6,80668.5,80875.0,81081.4,81287.8,81494.2,81700.7,82103.4,82506.1,82908.8,83311.5,83714.2,83962.3,84210.3,84458.4,84706.5,84954.6,84498.76,84042.92,83587.08,83131.24,82675.4,83162.7,83650.0,84137.3,84624.6,85111.9,79644.754160991,79900.6988177014,80156.6434744118,80412.5881311221,80668.5327878325,80874.9594342707,81081.3860807089,81287.8127271471,81494.2393735853,81700.6660200235,82103.3708595269,82506.0756990303,82908.7805385338,83311.4853780372,83714.1902175406,83962.2688039608,84210.347390381,84458.4259768012,84706.5045632213,84954.5831496415,82675.350384971,85111.8937050258
Total excluding LULUCF,WAM,ETS,30843.2,29379.8,27916.5,26453.2,24989.9,23520.3,22050.8,20581.2,19111.7,17642.1,17845.8,18049.4,18253.1,18456.7,18660.4,18539.2,18417.9,18296.7,18175.4,18054.2,18085.82,18117.44,18149.06,18180.68,18212.3,18167.26,18122.22,18077.18,18032.14,17987.1,30843.1697201276,29379.8451203721,27916.5205206166,26453.1959208611,24989.8713211056,23520.3181985197,22050.7650759339,20581.211953348,19111.6588307622,17642.1057081763,17845.7661257178,18049.4265432593,18253.0869608008,18456.7473783423,18660.4077958838,18539.1656030434,18417.9234102029,18296.6812173625,18175.439024522,18054.1968316815,18212.2895149378,17987.1139373396
Total excluding LULUCF,WAM,Total,110616.2,109421.4,108226.6,107031.8,105837.0,104579.6,103322.2,102064.8,100807.4,99550.0,100163.5,100776.9,101390.4,102003.9,102617.4,102757.1,102896.8,103036.4,103176.1,103315.8,102894.4,102473.0,102051.6,101630.2,101208.8,101655.34,102101.88,102548.42,102994.96,103441.5,110616.156526587,109421.368422174,108226.580317762,107031.79221335,105837.004108938,104579.59763279,103322.191156643,102064.784680495,100807.378204347,99549.9717281998,100163.456985245,100776.94224229,101390.427499335,102003.91275638,102617.398013424,102757.074407004,102896.750800584,103036.427194164,103176.103587743,103315.779981323,101208.789899909,103441.457642365
Total excluding LULUCF,WEM,ESR,79979.0,80569.1,81159.3,81749.4,82339.6,82626.4,82913.3,83200.1,83486.9,83773.8,84413.0,85052.3,85691.5,86330.8,86970.0,87700.4,88430.7,89161.1,89891.4,90621.7,90455.66,90289.62,90123.58,89957.54,89791.5,90254.4,90717.3,91180.2,91643.1,92106.0,79978.9676788011,80569.1258533216,81159.284027842,81749.4422023625,82339.6003768829,82626.4310768861,82913.2617768894,83200.0924768926,83486.9231768958,83773.7538768991,84413.0123223476,85052.2707677961,85691.5292132446,86330.7876586931,86970.0461041416,87700.3836174974,88430.7211308532,89161.0586442089,89891.3961575647,90621.7336709205,89791.4539758255,92105.9952962595
Total excluding LULUCF,WEM,ETS,30892.9,29479.3,28065.7,26652.1,25238.5,23794.3,22350.2,20906.0,19461.8,18017.6,18236.3,18455.0,18673.7,18892.4,19111.1,19283.7,19456.3,19628.9,19801.5,19974.1,19771.36,19568.62,19365.88,19163.14,18960.4,18817.48,18674.56,18531.64,18388.72,18245.8,30892.8942781895,29479.2942364959,28065.6941948022,26652.0941531086,25238.4941114149,23794.3225799149,22350.1510484149,20905.9795169149,19461.8079854149,18017.6364539149,18236.3283819345,18455.0203099542,18673.7122379739,18892.4041659936,19111.0960940132,19283.6943668102,19456.2926396073,19628.8909124043,19801.4891852013,19974.0874579983,18960.4370176476,18245.8212248629
Total excluding LULUCF,WEM,Total,111005.8,110200.7,109395.6,108590.5,107785.4,106635.2,105485.0,104334.8,103184.6,102034.4,102899.5,103764.6,104629.7,105494.8,106359.9,107268.6,108177.2,109085.9,109994.5,110903.2,110540.12,110177.04,109813.96,109450.88,109087.8,109413.5,109739.2,110064.9,110390.6,110716.3,111005.828102459,110200.711573918,109395.595045378,108590.478516838,107785.361988298,106635.174156801,105484.986325304,104334.798493807,103184.610662311,102034.422830814,102899.520204282,103764.61757775,104629.714951218,105494.812324687,106359.909698155,107268.562484308,108177.21527046,109085.868056613,109994.520842766,110903.173628919,109087.828493473,110716.339021122
Total excluding LULUCF,WOM,Total,161594.5,162310.3,163026.1,163741.9,164457.6,165838.8,167220.0,168601.2,169982.3,171363.5,173206.0,175048.5,176890.9,178733.4,180575.9,182729.7,184883.5,187037.4,189191.2,191345.0,192522.72,193700.44,194878.16,196055.88,197233.6,198292.42,199351.24,200410.06,201468.88,202527.7,161594.515174409,162310.295838175,163026.076501941,163741.857165707,164457.637829473,165838.809245412,167219.980661351,168601.15207729,169982.323493229,171363.494909168,173205.973849773,175048.452790378,176890.931730983,178733.410671588,180575.889612193,182729.711820444,184883.534028695,187037.356236946,189191.178445196,191345.000653447,197233.647158165,202527.730128365
Total including LULUCF,WAM,ESR,79644.8,79900.7,80156.6,80412.6,80668.5,80875.0,81081.4,81287.8,81494.2,81700.7,82103.4,82506.1,82908.8,83311.5,83714.2,83962.3,84210.3,84458.4,84706.5,84954.6,84498.76,84042.92,83587.08,83131.24,82675.4,83162.7,83650.0,84137.3,84624.6,85111.9,79644.754160991,79900.6988177014,80156.6434744118,80412.5881311221,80668.5327878325,80874.9594342707,81081.3860807089,81287.8127271471,81494.2393735853,81700.6660200235,82103.3708595269,82506.0756990303,82908.7805385338,83311.4853780372,83714.1902175406,83962.2688039608,84210.347390381,84458.4259768012,84706.5045632213,84954.5831496415,82675.350384971,85111.8934336155
Total including LULUCF,WAM,ETS,30843.2,29379.8,27916.5,26453.2,24989.9,23520.3,22050.8,20581.2,19111.7,17642.1,17845.8,18049.4,18253.1,18456.7,18660.4,18539.2,18417.9,18296.7,18175.4,18054.2,18085.82,18117.44,18149.06,18180.68,18212.3,18167.26,18122.22,18077.18,18032.14,17987.1,30843.1697201276,29379.8451203721,27916.5205206166,26453.1959208611,24989.8713211056,23520.3181985197,22050.7650759339,20581.211953348,19111.6588307622,17642.1057081763,17845.7661257178,18049.4265432593,18253.0869608008,18456.7473783423,18660.4077958838,18539.1656030434,18417.9234102029,18296.6812173625,18175.439024522,18054.1968316815,18212.2895149378,17987.1139373396
Total including LULUCF,WAM,Total,74531.8,73097.4,71656.5,70218.8,68792.1,67290.6,65663.0,64031.8,62343.8,60752.6,61028.9,61354.3,61654.6,61941.8,62217.5,62022.1,61827.6,61633.4,61430.9,61222.1,60460.46,59698.82,58937.18,58175.54,57413.9,57514.54,57615.18,57715.82,57816.46,57917.1,74531.8485812644,73097.4302610032,71656.4758934225,70218.7502273011,68792.0537794878,67290.6251838972,65662.979083203,64031.758145836,62343.8100717153,60752.6130490389,61028.8614301776,61354.2835096718,61654.648537683,61941.7530218324,62217.5349273213,62022.0666499401,61827.607391322,61633.4416575218,61430.8560714704,61222.1406190784,57413.854821774,57917.0868890661
Total including LULUCF,WEM,ESR,79979.0,80569.1,81159.3,81749.4,82339.6,82626.4,82913.3,83200.1,83486.9,83773.8,84413.0,85052.3,85691.5,86330.8,86970.0,87700.4,88430.7,89161.1,89891.4,90621.7,90455.66,90289.62,90123.58,89957.54,89791.5,90254.4,90717.3,91180.2,91643.1,92106.0,79978.9676788011,80569.1258533216,81159.284027842,81749.4422023625,82339.6003768829,82626.4310768861,82913.2617768894,83200.0924768926,83486.9231768958,83773.7538768991,84413.0123223476,85052.2707677961,85691.5292132446,86330.7876586931,86970.0461041416,87700.3836174974,88430.7211308531,89161.0586442089,89891.3961575647,90621.7336709205,89791.4539758255,92105.9952962595
Total including LULUCF,WEM,ETS,30892.9,29479.3,28065.7,26652.1,25238.5,23794.3,22350.2,20906.0,19461.8,18017.6,18236.3,18455.0,18673.7,18892.4,19111.1,19283.7,19456.3,19628.9,19801.5,19974.1,19771.36,19568.62,19365.88,19163.14,18960.4,18817.48,18674.56,18531.64,18388.72,18245.8,30892.8942781895,29479.2942364959,28065.6941948022,26652.0941531086,25238.4941114149,23794.3225799149,22350.1510484149,20905.9795169149,19461.8079854149,18017.6364539149,18236.3283819345,18455.0203099542,18673.7122379739,18892.4041659936,19111.0960940132,19283.6943668102,19456.2926396073,19628.8909124043,19801.4891852013,19974.0874579983,18960.4370176476,18245.8212248629
Total including LULUCF,WEM,Total,77459.5,78328.1,77994.4,76810.1,76466.3,74930.5,74217.0,72649.2,71905.2,70351.0,71669.1,72138.2,73440.4,73891.7,75192.6,75690.8,77040.9,77540.1,78885.7,79380.3,79021.46,78662.62,78303.78,77944.94,77586.1,77939.78,78293.46,78647.14,79000.82,79354.5,77459.5205007134,78328.057176003,77994.4419035501,76810.0768317103,76466.3085354557,74930.4531875269,74216.9558995431,72649.1893913604,71905.1582495143,70351.0407594121,71669.096351935,72138.237131506,73440.3998332288,73891.7329222131,75192.6078954347,75690.7939515433,77040.9196880565,77540.1075496898,78885.6954077388,79380.2792612487,77586.1366489194,79354.5418687778
Total including LULUCF,WOM,Total,137600.5,138897.5,140203.6,141516.4,142852.6,144787.5,146786.3,148719.1,150650.2,152616.9,155054.2,157526.9,159909.2,162385.4,164798.3,167544.3,170299.3,173055.7,175845.6,178562.5,180374.08,182185.66,183997.24,185808.82,187620.4,189332.02,191043.64,192755.26,194466.88,196178.5,137600.542764161,138897.479713499,140203.567052982,141516.37736534,142852.632203044,144787.536334632,146786.314737261,148719.080500432,150650.180109555,152616.885610055,155054.216029532,157526.873051738,159909.194276985,162385.390703148,164798.349841943,167544.26853102,170299.281896126,173055.665947629,175845.5773279,178562.547467858,187620.402844486,196178.537786792
