Pollutant_name,Sector_name,Sector_code,1990,1991,1992,1993,1994,1995,1996,1997,1998,1999,2000,2001,2002,2003,2004,2005,2006,2007,2008,2009,2010,2011,2012,2013,2014,2015,2016,2017,2018,2019,2020,2021
As,National total for compliance calculations and checks (CLRTAP),COMPLIANCE TOTAL (CLRTAP),0.0,0.0,0.0,0.0,0.0,0.0,0.0,0.0,0.0,0.0,0.0,0.0,0.0,0.0,0.0,0.0,0.0,0.0,0.0,0.0,0.0,0.0,0.0,0.0,0.0,0.0,0.0,0.0,0.0,0.0,0.0,0.0
As,National total for the entire territory (based on fuel sold),NATIONAL TOTAL,0.0,0.0,0.0,0.0,0.0,0.0,0.0,0.0,0.0,0.0,0.0,0.0,0.0,0.0,0.0,0.0,0.0,0.0,0.0,0.0,0.0,0.0,0.0,0.0,0.0,0.0,0.0,0.0,0.0,0.0,0.0,0.0
BC,National total for compliance calculations and checks (CLRTAP),COMPLIANCE TOTAL (CLRTAP),0.0,0.0,0.0,0.0,0.0,0.0,0.0,0.0,0.0,0.0,0.0,0.0,0.0,0.0,0.0,0.0,0.0,0.0,0.0,0.0,0.0,0.0,0.0,0.0,0.0,0.0,0.0,0.0,0.0,0.0,0.0,0.0
BC,National total for the entire territory (based on fuel sold),NATIONAL TOTAL,0.0,0.0,0.0,0.0,0.0,0.0,0.0,0.0,0.0,0.0,0.0,0.0,0.0,0.0,0.0,0.0,0.0,0.0,0.0,0.0,0.0,0.0,0.0,0.0,0.0,0.0,0.0,0.0,0.0,0.0,0.0,0.0
CO,National total for compliance calculations and checks (CLRTAP),COMPLIANCE TOTAL (CLRTAP),2022.28568455753,2059.00645254795,2090.52407638501,2055.4811248403,6068.19901185275,5748.35369738024,6275.28046758178,7330.35663181252,8193.97051737575,2238.35969551821,7775.04673884545,7932.72467673084,5889.68943932828,4228.24133485697,3299.24150020069,2891.07506569231,2725.42799104622,3385.63036734337,3547.10866150088,3533.53378458973,3400.25180640464,2944.09967655167,2807.86840037343,2428.72181413084,2364.07403678011,2365.18203052161,2341.23116443285,2168.69762078615,1655.07589592908,1760.48999274535,1918.52513618327,1785.56831856761
CO,National total for the entire territory (based on fuel sold),NATIONAL TOTAL,2022.28568455753,2059.00645254795,2090.52407638501,2055.4811248403,6068.19901185275,5748.35369738024,6275.28046758178,7330.35663181252,8193.97051737575,2238.35969551821,7775.04673884545,7932.72467673084,5889.68943932828,4228.24133485697,3299.24150020069,2891.07506569231,2725.42799104622,3385.63036734337,3547.10866150088,3533.53378458973,3400.25180640464,2944.09967655167,2807.86840037343,2428.72181413084,2364.07403678011,2365.18203052161,2341.23116443285,2168.69762078615,1655.07589592908,1760.48999274535,1918.52513618327,1785.56831856761
CO,Agriculture other (please specify in the IIR),3I,0.0,0.0,0.0,0.0,0.0,0.0,0.0,0.0,0.0,0.0,0.0,0.0,0.0,0.0,0.0,0.0,0.0,0.0,0.0,0.0,0.0,0.0,0.0,0.0,0.0,0.0,0.0,0.0,0.0,0.0,0.0,0.0
CO,Agriculture/Forestry/Fishing: Stationary,1A4ci,3.1788002352,3.19236,3.200988,3.942719904,3.9628404,4.043805552,4.262697912,4.418200356,4.3767548952,4.4975468952,4.8472104,4.4820164952,4.5510404952,4.7833632,5.1405624,5.185428,5.5702368,5.862682204272,7.42714324080503,7.33129239950642,4.87108243601723,4.9424806,8.13582418,9.202117,10.34279688,11.04882914,11.97233646,13.35309904,14.57397134,15.88515056,17.26633928,18.10601846
CO,Aluminium production,2C3,7.30824,6.69804,7.02972,7.02012,7.164,7.38156,7.452,7.4424,7.416,7.4046,7.38012,7.4076,7.50012,7.56,7.68,7.08,7.2,7.608,7.332,3.6,6.492,6.768,5.244,3.864,3.648,7.2,9.456,9.12,9.12,9.12,9.4,9.372
CO,Ammonia production,2B1,0.044592,0.0423788,0.0404656,0.0639455,0.0503264,0.058564,0.0604758,0.0624022,0.0356661,0.010025,0.0065006,0.008164,0.0365648,0.0351964,0.0400784,0.037058,0.0111515,0.0324446880621423,0.0297403327882257,0.0307061739574816,0.0283313409648406,0.0324219623875715,0.0335203699918234,0.0334446177432543,0.035300547833197,0.0378761242845462,0.0354141762060507,0.0382927616516762,0.0410955948487326,0.0426863920686836,0.04386055,0.051
CO,Animal manure applied to soils,3Da2a,0.0,0.0,0.0,0.0,0.0,0.0,0.0,0.0,0.0,0.0,0.0,0.0,0.0,0.0,0.0,0.0,0.0,0.0,0.0,0.0,0.0,0.0,0.0,0.0,0.0,0.0,0.0,0.0,0.0,0.0,0.0,0.0
CO,Asphalt roofing,2D3c,0.0,0.0,0.0,0.0,0.0,0.0,0.0,0.0,0.0,0.0,0.0,0.0,0.0,0.0,0.0,0.0,0.0,0.0,0.0,0.0,0.0,0.0,0.0,0.0,0.0,0.0,0.0,0.0,0.0,0.0,0.0,0.0
CO,Biological treatment of waste - Anaerobic digestion at biogas facilities,5B2,0.0,0.0,0.0,0.0,0.0,0.0,0.0,0.0,0.0,0.0,0.0,0.0,0.0,0.0,0.0,0.0,0.0,0.0,0.0,0.0,0.0,0.0,0.0,0.0,0.0,0.0,0.0,0.0,0.0,0.0,0.0,0.0
CO,Biological treatment of waste - Solid waste disposal on land,5A,0.0,0.0,0.0,0.0,0.0,0.0,0.0,0.0,0.0,0.0,0.0,0.0,0.0,0.0,0.0,0.0,0.0,0.0,0.0,0.0,0.0,0.0,0.0,0.0,0.0,0.0,0.0,0.0,0.0,0.0,0.0,0.0
CO,Carbide production,2B5,0.0,0.0,0.0,0.0,0.0,0.0,0.0,0.0,0.0,0.0,0.0,0.0,0.0,0.0,0.0,0.0,0.0,0.0,0.0,0.0,0.0,0.0,0.0,0.0,0.0,0.0,0.0,0.0,0.0,0.0,0.0,0.0
CO,Chemical industry: Other  (please specify in the IIR),2B10a,0.0,0.0,0.0,0.0,0.0,0.0,0.0,0.0,0.0,0.0,0.0,0.0,0.0,0.0,0.0,0.0,0.0,0.0,0.0,0.0,0.0,0.0,0.0,0.0,0.0,0.0,0.0,0.0,0.0,0.0,0.0,0.0
CO,Chemical products,2D3g,0.0,0.0,0.0,0.0,0.0,0.0,0.0,0.0,0.0,0.0,0.0,0.0,0.0,0.0,0.0,0.0,0.0,0.0,0.0,0.0,0.0,0.0,0.0,0.0,0.0,0.0,0.0,0.0,0.0,0.0,0.0,0.0
CO,Clinical waste incineration,5C1biii,0.001440724058083,0.001465163045643,0.0014894974813846,0.0015137273653077,0.001537878835367,0.0015618996156532,0.0015858158441211,0.0016096275207704,0.0016326811967361,0.0016562053558848,0.0016794158595782,0.00115957,0.0015599,0.00262447,0.00221008,0.00176776,0.00123006,0.002021125,0.00281219,0.001929545,0.00104462,0.001068085,0.00109155,0.0012597,0.00142785,0.0019095,0.002394,0.002394,0.01558,0.01558,0.0172748,0.0172748
CO,Coating applications,2D3d,0.0,0.0,0.0,0.0,0.0,0.0,0.0,0.0,0.0,0.0,0.0,0.0,0.0,0.0,0.0,0.0,0.0,0.0,0.0,0.0,0.0,0.0,0.0,0.0,0.0,0.0,0.0,0.0,0.0,0.0,0.0,0.0
CO,Construction and demolition,2A5b,0.0,0.0,0.0,0.0,0.0,0.0,0.0,0.0,0.0,0.0,0.0,0.0,0.0,0.0,0.0,0.0,0.0,0.0,0.0,0.0,0.0,0.0,0.0,0.0,0.0,0.0,0.0,0.0,0.0,0.0,0.0,0.0
CO,Consumption of POPs and heavy metals (e.g. electrical and scientific equipment),2K,0.0,0.0,0.0,0.0,0.0,0.0,0.0,0.0,0.0,0.0,0.0,0.0,0.0,0.0,0.0,0.0,0.0,0.0,0.0,0.0,0.0,0.0,0.0,0.0,0.0,0.0,0.0,0.0,0.0,0.0,0.0,0.0
CO,Copper production,2C7a,0.0,0.0,0.0,0.0,0.0,0.0,0.0,0.0,0.0,0.0,0.0,0.0,0.0,0.0,0.0,0.0,0.0,0.0,0.0,0.0,0.0,0.0,0.0,0.0,0.0,0.0,0.0,0.0,0.0,0.0,0.0,0.0
CO,Crop residues applied to soils,3Da4,0.0,0.0,0.0,0.0,0.0,0.0,0.0,0.0,0.0,0.0,0.0,0.0,0.0,0.0,0.0,0.0,0.0,0.0,0.0,0.0,0.0,0.0,0.0,0.0,0.0,0.0,0.0,0.0,0.0,0.0,0.0,0.0
CO,Cultivated crops,3De,0.0,0.0,0.0,0.0,0.0,0.0,0.0,0.0,0.0,0.0,0.0,0.0,0.0,0.0,0.0,0.0,0.0,0.0,0.0,0.0,0.0,0.0,0.0,0.0,0.0,0.0,0.0,0.0,0.0,0.0,0.0,0.0
CO,Degreasing,2D3e,0.0,0.0,0.0,0.0,0.0,0.0,0.0,0.0,0.0,0.0,0.0,0.0,0.0,0.0,0.0,0.0,0.0,0.0,0.0,0.0,0.0,0.0,0.0,0.0,0.0,0.0,0.0,0.0,0.0,0.0,0.0,0.0
CO,Distribution of oil products,1B2av,,,,,,,,,,,,,,,,,,,,,,,,,,0.0,0.0,0.0,0.0,0.0,0.0,0.0
CO,Domestic aviation LTO (civil),1A3aii(i),0.887215036525734,1.00464185086857,1.06550025492012,1.42135417470436,1.58455306684621,2.63300871810729,2.90349085123522,3.06593679330449,3.15270214481287,2.7307890005161,2.94801509645428,3.20321355754451,1.03438034264632,2.58214208296238,4.63566767364136,3.89994740615352,4.30286070547376,5.74229175409794,4.98425319635403,4.90578244,6.2959998,7.18813614,8.19726443,8.46202942,9.80375203999999,10.62224627,10.40118641,10.81873515,11.06628572,11.27225385,6.03757083,8.4079434
CO,Domestic aviation cruise (civil),1A3aii(ii),1.22240670105574,1.38419760723607,1.46804844143687,1.95834470359742,2.18320047265683,3.62776482413594,4.00043566315393,4.22425401605561,4.34379949571591,3.76248669823278,4.06178125973936,4.41339422400719,1.42517136233694,3.55768066967347,6.38703244967187,5.3733555528043,5.92849032482328,7.91174138246568,6.86731429940653,6.75919713,8.58935195579757,9.63276934355934,10.220928631222,11.5389642642631,1.8394957140273,13.7554898053879,13.5922756748013,14.1169451313995,14.6733157600426,14.9621156729099,7.93048372660833,11.1694132074929
CO,Domestic solvent use including fungicides,2D3a,0.0,0.0,0.0,0.0,0.0,0.0,0.0,0.0,0.0,0.0,0.0,0.0,0.0,0.0,0.0,0.0,0.0,0.0,0.0,0.0,0.0,0.0,0.0,0.0,0.0,0.0,0.0,0.0,0.0,0.0,0.0,0.0
CO,Domestic wastewater handling,5D1,0.0,0.0,0.0,0.0,0.0,0.0,0.0,0.0,0.0,0.0,0.0,0.0,0.0,0.0,0.0,0.0,0.0,0.0,0.0,0.0,0.0,0.0,0.0,0.0,0.0,0.0,0.0,0.0,0.0,0.0,0.0,0.0
CO,Dry cleaning,2D3f,0.0,0.0,0.0,0.0,0.0,0.0,0.0,0.0,0.0,0.0,0.0,0.0,0.0,0.0,0.0,0.0,0.0,0.0,0.0,0.0,0.0,0.0,0.0,0.0,0.0,0.0,0.0,0.0,0.0,0.0,0.0,0.0
CO,"Farm-level agricultural operations including storage, handling and transport of agricultural products",3Dc,0.0,0.0,0.0,0.0,0.0,0.0,0.0,0.0,0.0,0.0,0.0,0.0,0.0,0.0,0.0,0.0,0.0,0.0,0.0,0.0,0.0,0.0,0.0,0.0,0.0,0.0,0.0,0.0,0.0,0.0,0.0,0.0
CO,Field burning of agricultural residues,3F,,,,,,,,,,,,,,,,,,,,,,,,,,,,,,,,0.0
CO,Food and beverages industry,2H2,0.0,0.0,0.0,0.0,0.0,0.0,0.0,0.0,0.0,0.0,0.0,0.0,0.0,0.0,0.0,0.0,0.0,0.0,0.0,0.0,0.0,0.0,0.0,0.0,0.0,0.0,0.0,0.0,0.0,0.0,0.0,0.0
CO,Fugitive emission from solid fuels: Coal mining and handling,1B1a,0.0,0.0,0.0,0.0,0.0,0.0,0.0,0.0,0.0,0.0,0.0,0.0,0.0,0.0,0.0,0.0,0.0,0.0,0.0,0.0,0.0,0.0,0.0,0.0,0.0,0.0,0.0,0.0,0.0,0.0,0.0,0.0
CO,Fugitive emission from solid fuels: Solid fuel transformation,1B1b,0.0,0.0,0.0,0.0,0.0,0.0,0.0,0.0,0.0,0.0,0.0,0.0,0.0,0.0,0.0,0.0,0.0,0.0,0.0,0.0,0.0,0.0,0.0,0.0,0.0,,,,,,,
CO,"Fugitive emissions from natural gas (exploration, production, processing, transmission, storage, distribution and other)",1B2b,0.0,0.0,0.0,0.0,0.0,0.0,0.0,0.0,0.0,0.0,0.0,0.0,0.0,0.0,0.0,0.0,0.0,0.0,0.0,0.0,0.0,0.0,0.0,0.0,0.0,0.0,0.0,0.0,0.0,0.0,0.0,0.0
CO,"Fugitive emissions oil: Exploration, production, transport",1B2ai,0.0,0.0,0.0,0.0,0.0,0.0,0.0,0.0,0.0,0.0,0.0,0.0,0.0,0.0,0.0,0.0,0.0,0.0,0.0,0.0,0.0,0.0,0.0,0.0,0.0,0.0,0.0,0.0,0.0,0.0,0.0,0.0
CO,Fugitive emissions oil: Refining / storage,1B2aiv,0.0,0.0,0.0,0.0,0.0,0.0,0.0,0.0,0.0,0.0,0.0,0.0,0.0,0.0,0.0,0.0,0.0,0.0,0.0,0.0,0.0,0.0,0.0,0.0,0.0,,,,,,,
CO,Indirect emissions from managed soils,3Db,0.0,0.0,0.0,0.0,0.0,0.0,0.0,0.0,0.0,0.0,0.0,0.0,0.0,0.0,0.0,0.0,0.0,0.0,0.0,0.0,0.0,0.0,0.0,0.0,0.0,0.0,0.0,0.0,0.0,0.0,0.0,0.0
CO,Industrial wastewater handling,5D2,0.0,0.0,0.0,0.0,0.0,0.0,0.0,0.0,0.0,0.0,0.0,0.0,0.0,0.0,0.0,0.0,0.0,0.0,0.0,0.0,0.0,0.0,0.0,0.0,0.0,0.0,0.0,0.0,0.0,0.0,0.0,0.0
CO,Inorganic N-fertilizers (includes also urea application),3Da1,0.0,0.0,0.0,0.0,0.0,0.0,0.0,0.0,0.0,0.0,0.0,0.0,0.0,0.0,0.0,0.0,0.0,0.0,0.0,0.0,0.0,0.0,0.0,0.0,0.0,0.0,0.0,0.0,0.0,0.0,0.0,0.0
CO,International aviation LTO (civil),1A3ai(i),0.19764330700676,0.223802268433822,0.237359586266267,0.316632527573585,0.352988052913939,0.586550643305358,0.64680546437668,0.68299325637593,0.702321818561792,0.608332981948995,0.656724050857738,0.71357415564228,0.230427059063346,0.575219173963138,1.03267939730893,0.868784309070105,0.958540584196475,1.27920006464481,1.11033317079929,1.09285238074205,1.40254861578849,1.60128823276903,1.8260899372247,1.88507116054585,2.18396430908965,2.36629880492577,2.31705369525322,2.41007028132605,2.46521667908978,2.51109983106002,1.3449788563115,1.87302251459696
CO,International aviation cruise (civil),1A3ai(ii),0.272313354663115,0.308355225488838,0.327034525866365,0.436256947350487,0.48634766489567,0.808150682040687,0.891169898370621,0.941029512573643,0.967660445284492,0.838162432998962,0.904835747212549,0.983163938443929,0.317482875635902,0.792538160288375,1.42282779635467,1.19701280688177,1.32067918725098,1.76248447854997,1.52981932509228,1.50573425661846,1.91343457414405,2.14587479958607,2.27689799224475,2.57051443306511,2.86846819344005,3.0642858638654,3.02792694388397,3.14480662042054,3.26874831035972,3.33308375046438,1.76665967703614,2.48819020504715
CO,Lead production,2C5,0.0,0.0,0.0,0.0,0.0,0.0,0.0,0.0,0.0,0.0,0.0,0.0,0.0,0.0,0.0,0.0,0.0,0.0,0.0,0.0,0.0,0.0,0.0,0.0,0.0,0.0,0.0,0.0,0.0,0.0,0.0,0.0
CO,Magnesium production,2C4,0.0,0.0,0.0,0.0,0.0,0.0,0.0,0.0,0.0,0.0,0.0,0.0,0.0,0.0,0.0,0.0,0.0,0.0,0.0,0.0,0.0,0.0,0.0,0.0,0.0,0.0,0.0,0.0,0.0,0.0,0.0,0.0
CO,Manufacture of solid fuels and other energy industries,1A1c,64.3864432935,58.7928854364,56.909775483,55.4198298165,56.0045095353,55.666863,55.039011777,58.1290445187,59.2070370912,54.3892695912,55.7826957162,47.2734802287,46.6701945912,53.8778370312,58.3075519677,56.9192773878,64.0847811546,59.38258717575,73.78080895035,65.21118478875,70.8243153826162,69.216147,0.8605632,0.8891316,0.9132312,0.963984,0.90573,0.9252012,0.9210516,0.9213708,0.8864184,0.896952
CO,Manure management -  Other poultry,3B4giv,0.0,0.0,0.0,0.0,0.0,0.0,0.0,0.0,0.0,0.0,0.0,0.0,0.0,0.0,0.0,0.0,0.0,0.0,0.0,0.0,0.0,0.0,0.0,0.0,0.0,0.0,0.0,0.0,0.0,0.0,0.0,0.0
CO,Manure management - Buffalo,3B4a,0.0,0.0,0.0,0.0,0.0,0.0,0.0,0.0,0.0,0.0,0.0,0.0,0.0,0.0,0.0,0.0,0.0,0.0,0.0,0.0,0.0,0.0,0.0,0.0,0.0,0.0,0.0,0.0,0.0,0.0,0.0,0.0
CO,Manure management - Dairy cattle,3B1a,0.0,0.0,0.0,0.0,0.0,0.0,0.0,0.0,0.0,0.0,0.0,0.0,0.0,0.0,0.0,0.0,0.0,0.0,0.0,0.0,0.0,0.0,0.0,0.0,0.0,0.0,0.0,0.0,0.0,0.0,0.0,0.0
CO,Manure management - Goats,3B4d,0.0,0.0,0.0,0.0,0.0,0.0,0.0,0.0,0.0,0.0,0.0,0.0,0.0,0.0,0.0,0.0,0.0,0.0,0.0,0.0,0.0,0.0,0.0,0.0,0.0,0.0,0.0,0.0,0.0,0.0,0.0,0.0
CO,Manure management - Horses,3B4e,0.0,0.0,0.0,0.0,0.0,0.0,0.0,0.0,0.0,0.0,0.0,0.0,0.0,0.0,0.0,0.0,0.0,0.0,0.0,0.0,0.0,0.0,0.0,0.0,0.0,0.0,0.0,0.0,0.0,0.0,0.0,0.0
CO,Manure management - Mules and asses,3B4f,0.0,0.0,0.0,0.0,0.0,0.0,0.0,0.0,0.0,0.0,0.0,0.0,0.0,0.0,0.0,0.0,0.0,0.0,0.0,0.0,0.0,0.0,0.0,0.0,0.0,0.0,0.0,0.0,0.0,0.0,0.0,0.0
CO,Manure management - Non-dairy cattle,3B1b,0.0,0.0,0.0,0.0,0.0,0.0,0.0,0.0,0.0,0.0,0.0,0.0,0.0,0.0,0.0,0.0,0.0,0.0,0.0,0.0,0.0,0.0,0.0,0.0,0.0,0.0,0.0,0.0,0.0,0.0,0.0,0.0
CO,Manure management - Other animals (please specify in IIR),3B4h,0.0,0.0,0.0,0.0,0.0,0.0,0.0,0.0,0.0,0.0,0.0,0.0,0.0,0.0,0.0,0.0,0.0,0.0,0.0,0.0,0.0,0.0,0.0,0.0,0.0,0.0,0.0,0.0,0.0,0.0,0.0,0.0
CO,Manure management - Sheep,3B2,0.0,0.0,0.0,0.0,0.0,0.0,0.0,0.0,0.0,0.0,0.0,0.0,0.0,0.0,0.0,0.0,0.0,0.0,0.0,0.0,0.0,0.0,0.0,0.0,0.0,0.0,0.0,0.0,0.0,0.0,0.0,0.0
CO,Manure management - Swine,3B3,0.0,0.0,0.0,0.0,0.0,0.0,0.0,0.0,0.0,0.0,0.0,0.0,0.0,0.0,0.0,0.0,0.0,0.0,0.0,0.0,0.0,0.0,0.0,0.0,0.0,0.0,0.0,0.0,0.0,0.0,0.0,0.0
CO,Manure mangement -  Broilers,3B4gii,0.0,0.0,0.0,0.0,0.0,0.0,0.0,0.0,0.0,0.0,0.0,0.0,0.0,0.0,0.0,0.0,0.0,0.0,0.0,0.0,0.0,0.0,0.0,0.0,0.0,0.0,0.0,0.0,0.0,0.0,0.0,0.0
CO,Manure mangement -  Laying hens,3B4gi,0.0,0.0,0.0,0.0,0.0,0.0,0.0,0.0,0.0,0.0,0.0,0.0,0.0,0.0,0.0,0.0,0.0,0.0,0.0,0.0,0.0,0.0,0.0,0.0,0.0,0.0,0.0,0.0,0.0,0.0,0.0,0.0
CO,Manure mangement -  Turkeys,3B4giii,0.0,0.0,0.0,0.0,0.0,0.0,0.0,0.0,0.0,0.0,0.0,0.0,0.0,0.0,0.0,0.0,0.0,0.0,0.0,0.0,0.0,0.0,0.0,0.0,0.0,0.0,0.0,0.0,0.0,0.0,0.0,0.0
CO,National navigation (shipping),1A3dii,0.58490992,0.6239,0.734,0.76327559,0.71586653,0.83544614,0.8042071,0.8025923,0.834191,0.75602,0.71565,0.9175,0.942456,1.021361,1.406711,1.488185,1.675722,1.828879494024,1.76507951475277,1.86324885283631,1.91955467526315,2.54698,1.88271,1.40928,1.53039,0.67161,0.16882,1.3946,1.40561,1.40561,1.46066,1.31019
CO,Nickel production,2C7b,0.0,0.0,0.0,0.0,0.0,0.0,0.0,0.0,0.0,0.0,0.0,0.0,0.0,0.0,0.0,0.0,0.0,0.0,0.0,0.0,0.0,0.0,0.0,0.0,0.0,0.0,0.0,0.0,0.0,0.0,0.0,0.0
CO,Nitric acid production,2B2,0.0,0.0,0.0,0.0,0.0,0.0,0.0,0.0,0.0,0.0,0.0,0.0,0.0,0.0,0.0,0.0,0.0,0.0,0.0,0.0,0.0,0.0,0.0,0.0,0.0,0.0,0.0,0.0,0.0,0.0,0.0,0.0
CO,"Off-farm storage, handling and transport of bulk agricultural products",3Dd,0.0,0.0,0.0,0.0,0.0,0.0,0.0,0.0,0.0,0.0,0.0,0.0,0.0,0.0,0.0,0.0,0.0,0.0,0.0,0.0,0.0,0.0,0.0,0.0,0.0,0.0,0.0,0.0,0.0,0.0,0.0,0.0
CO,Open burning of waste,5C2,16.41402,18.47973,20.54544,22.61115,24.67686,22.61115,24.45354,34.89375,21.55038,20.76876,19.98714,19.20552,12.33843,14.45997,5.69466,9.742335,13.79001,13.56669,13.34337,10.412295,7.48122,6.671685,5.86215,3.042735,0.22332,0.39081,0.5583,0.5583,0.5583,0.697875,1.06077,1.06077
CO,Other fugitive emissions from energy production,1B2d,,,,,,,,,,,,,,,,,,,,,,,,,,0.0,0.0,0.0,0.0,0.0,0.0,0.0
CO,Other fugitive emissions from solid fuels,1B1c,0.0,0.0,0.0,0.0,0.0,0.0,0.0,0.0,0.0,0.0,0.0,0.0,0.0,0.0,0.0,0.0,0.0,0.0,0.0,0.0,0.0,0.0,0.0,0.0,0.0,,,,,,,
CO,Other metal production (please specify in the IIR),2C7c,0.0,0.0,0.0,0.0,0.0,0.0,0.0,0.0,0.0,0.0,0.0,0.0,0.0,0.0,0.0,0.0,0.0,0.0,0.0,0.0,0.0,0.0,0.0,0.0,0.0,0.0,0.0,0.0,0.0,0.0,0.0,0.0
CO,Other mineral products (please specify in the IIR),2A6,0.0,0.0,0.0,0.0,0.0,0.0,0.0,0.0,0.0,0.0,0.0,0.0,0.0,0.0,0.0,0.0,0.0,0.0,0.0,0.0,0.0,0.0,0.0,0.0,0.0,0.0,0.0,0.0,0.0,0.0,0.0,0.0
CO,Other organic fertilisers applied to soils (including compost),3Da2c,0.0,0.0,0.0,0.0,0.0,0.0,0.0,0.0,0.0,0.0,0.0,0.0,0.0,0.0,0.0,0.0,0.0,0.0,0.0,0.0,0.0,0.0,0.0,0.0,0.0,0.0,0.0,0.0,0.0,0.0,0.0,0.0
CO,Other product use (please specify in the IIR),2G,0.0,0.0,0.0,0.0,0.0,0.0,0.0,0.0,0.0,0.0,0.0,0.0,0.0,0.0,0.0,0.0,0.0,0.0,0.0,0.0,0.0,0.0,0.0,0.0,0.0,0.0,0.0,0.0,0.0,0.0,0.0,0.0
CO,"Other production, consumption, storage, transportation or handling of bulk products (please specify in the IIR)",2L,0.0,0.0,0.0,0.0,0.0,0.0,0.0,0.0,0.0,0.0,0.0,0.0,0.0,0.0,0.0,0.0,0.0,0.0,0.0,0.0,0.0,0.0,0.0,0.0,0.0,0.0,0.0,0.0,0.0,0.0,0.0,0.0
CO,Other solvent use (please specify in the IIR),2D3i,0.0,0.0,0.0,0.0,0.0,0.0,0.0,0.0,0.0,0.0,0.0,0.0,0.0,0.0,0.0,0.0,0.0,0.0,0.0,0.0,0.0,0.0,0.0,0.0,0.0,0.0,0.0,0.0,0.0,0.0,0.0,0.0
CO,Other stationary (including military),1A5a,0.0,0.0,0.0,0.0,0.0,0.0,0.0,0.0,0.0,0.0,0.0,0.0,0.0,0.0,0.0,0.0,0.0,0.0,0.0,0.0,0.0,0.0,0.0,0.0,0.0,0.0,0.0,0.0,0.0,0.0,0.0,0.0
CO,Other waste (please specify in IIR),5E,0.0,0.0,0.0,0.0,0.0,0.0,0.0,0.0,0.0,0.0,0.0,0.0,0.0,0.0,0.0,0.0,0.0,0.0,0.0,0.0,0.0,0.0,0.0,0.0,0.0,0.0,0.0,0.0,0.0,0.0,0.0,0.0
CO,Other waste incineration (please specify in the IIR),5C1bvi,0.0,0.0,0.0,0.0,0.0,0.0,0.0,0.0,0.0,0.0,0.0,0.0,0.0,0.0,0.0,0.0,0.0,0.0,0.0,0.0,0.0,0.0,0.0,0.0,0.0,0.0,0.0,0.0,0.0,0.0,0.0,0.0
CO,Other wastewater handling,5D3,0.0,0.0,0.0,0.0,0.0,0.0,0.0,0.0,0.0,0.0,0.0,0.0,0.0,0.0,0.0,0.0,0.0,0.0,0.0,0.0,0.0,0.0,0.0,0.0,0.0,0.0,0.0,0.0,0.0,0.0,0.0,0.0
CO,Petroleum refining,1A1b,2.04250644,1.99035018,2.12326452,2.46143898,2.51770212486,1.84367836458,2.50983830682,2.6440784253,2.76440123466,2.57642334378,2.59603578,2.79570845034,2.81206027908,2.89046628,3.1462002,2.62127268,2.84444004,3.21821120861916,2.41569745975818,32.4549907188432,33.7301586864637,,39.63379524,38.60432082,37.3737975,50.95811136,51.65871828,56.0966601,50.34862092,65.82207138,63.6440103,67.41998328
CO,Pipeline transport,1A3ei,,,,,,,,,,,,,,,,,0.118487743,0.1638021825495,0.16484935159,0.161962971588,0.209867012234,0.300498,0.28947974,0.2460975,0.324676,0.2909995,0.2720025,0.383394,0.291863,0.2702755,0.1528395,0.23338678
CO,Printing,2D3h,0.0,0.0,0.0,0.0,0.0,0.0,0.0,0.0,0.0,0.0,0.0,0.0,0.0,0.0,0.0,0.0,0.0,0.0,0.0,0.0,0.0,0.0,0.0,0.0,0.0,0.0,0.0,0.0,0.0,0.0,0.0,0.0
CO,Production of POPs,2J,0.0,0.0,0.0,0.0,0.0,0.0,0.0,0.0,0.0,0.0,0.0,0.0,0.0,0.0,0.0,0.0,0.0,0.0,0.0,0.0,0.0,0.0,0.0,0.0,0.0,0.0,0.0,0.0,0.0,0.0,0.0,0.0
CO,Public electricity and heat production,1A1a,37.0941976014,40.9386203664,46.3501298835,42.6331133922,51.8592102273,52.2376011819,56.15170432788,62.03292573795,70.29751307007,74.26880121765,78.89202378852,81.30262184955,69.94677668727,70.09130376576,72.17709528666,92.88927819123,96.2309123045335,113.745874693834,121.464170988819,118.666352052783,115.305964083419,133.037743374,39.7698543,38.70679689,43.94392803,35.85770619,35.66494452,41.20429293,37.87370862,29.70469518,32.42407743,44.60153478
CO,Pulp and paper industry,2H1,1.2485,1.2485,1.2485,0.9295,1.287,1.3145,1.1605,1.2265,1.1495,1.0835,1.155,0.913,1.0065,1.0065,1.0065,1.0065,1.02175176402545,1.05423452862927,1.06634279930596,1.04841324465009,0.80682995951417,0.91627009832273,0.912777327935223,0.919762868710237,0.988454019664546,1.16425679583574,1.27136842105263,1.40525795257374,1.40292943898207,1.39128687102371,1.3889584,1.632
CO,Quarrying and mining of minerals other than coal,2A5a,0.0,0.0,0.0,0.0,0.0,0.0,0.0,0.0,0.0,0.0,0.0,0.0,0.0,0.0,0.0,0.0,0.0,0.0,0.0,0.0,0.0,0.0,0.0,0.0,0.0,0.0,0.0,0.0,0.0,0.0,0.0,0.0
CO,Railways,1A3c,4.3329354,4.09992,3.824082,3.8344288,3.2163563,2.772825,3.64313,3.20237,3.00977,2.83966,2.25661,1.7655,1.8404,1.8939,1.8939,2.2791,2.2898,1.41341757324504,1.50132204548375,1.45680445267209,1.5545075025,1.60179,1.4766,1.5194,1.6799,1.4445,1.1235,1.2626,1.3268,1.2198,0.9844,1.0914
CO,Residential: Stationary,1A4bi,1671.57702904504,1690.565086016,1732.86250655144,1695.96946921836,1566.98758985972,1638.00111075984,1611.60865580147,1670.66437661049,1552.18558768367,1444.21374637696,463.3388535,1276.83694554264,1284.41624376772,447.27244506,447.95212396,450.62240746,422.5742067,1247.67328476075,1786.54794754964,1919.12797165917,1886.61833451225,1577.312711582,1588.55612012,1313.18047154,1285.60201254,1287.05961208,1247.54905486,1221.14141286,756.22924206,907.2252091,1002.61507052,837.869115
CO,Road paving with asphalt,2D3b,0.0,0.0,0.0,0.0,0.0,0.0,0.0,0.0,0.0,0.0,0.0,0.0,0.0,0.0,0.0,0.0,0.0,0.0,0.0,0.0,0.0,0.0,0.0,0.0,0.0,0.0,0.0,0.0,0.0,0.0,0.0,0.0
CO,Road transport: Automobile road abrasion,1A3bvii,0.0,0.0,0.0,0.0,0.0,0.0,0.0,0.0,0.0,0.0,0.0,0.0,0.0,0.0,0.0,0.0,0.0,0.0,0.0,0.0,0.0,0.0,0.0,0.0,0.0,0.0,0.0,0.0,0.0,0.0,0.0,0.0
CO,Road transport: Automobile tyre and brake wear,1A3bvi,0.0,0.0,0.0,0.0,0.0,0.0,0.0,0.0,0.0,0.0,0.0,0.0,0.0,0.0,0.0,0.0,0.0,0.0,0.0,0.0,0.0,0.0,0.0,0.0,0.0,0.0,0.0,0.0,0.0,0.0,0.0,0.0
CO,Road transport: Gasoline evaporation,1A3bv,0.0,0.0,0.0,0.0,0.0,0.0,0.0,0.0,0.0,0.0,0.0,0.0,0.0,0.0,0.0,0.0,0.0,0.0,0.0,0.0,0.0,0.0,0.0,0.0,0.0,0.0,0.0,0.0,0.0,0.0,0.0,0.0
CO,Road transport: Heavy duty vehicles and buses,1A3biii,,,,,119.645225313775,109.249048539404,129.364324237302,156.521820502611,170.055308356205,26.2754505314002,139.396837008841,127.793596161469,90.7148103448543,76.4772230820623,171.524358049784,148.784670567383,137.556532603632,115.657166287552,99.1590783257734,75.4195862600781,63.8619604229993,56.151782933956,51.477353785994,44.9889095899237,40.7277731450632,37.9594238322624,35.6290449916244,26.2754505314002,23.7226885035964,22.1756881811816,18.787405034523,19.3888004119584
CO,Road transport: Light duty vehicles,1A3bii,,,,,181.999669466672,152.877600874743,199.680436470464,291.836231646762,335.562303781826,44.5018793143356,313.740714605962,301.157181184313,224.778262938311,206.053974835367,209.780464115469,209.276801545508,194.581253581084,172.391555592989,153.121286127648,130.51394008458,115.737247406685,103.393617890826,93.2058231408914,85.465083243884,78.8782939110215,73.8816585503735,69.4301294216197,44.5018793143356,42.1018473640096,52.7638612349709,78.3919880152599,77.5787939894391
CO,Road transport: Mopeds & motorcycles,1A3biv,,,,,145.76356767302,134.114170749932,146.91279570668,178.090989311726,199.915609260527,40.804406483971,152.597112836738,118.954157711855,99.3347812832384,92.3522621981304,82.0740482557811,77.9087064783996,78.8981582398996,72.114224151802,66.7615779686665,61.8637934723287,57.4684189483903,54.1840609278512,51.3416222033507,48.3727304022944,46.069627217804,44.0656791257562,42.6274913437719,40.804406483971,40.1738268065461,36.2477235580561,38.535931199971,39.7380283721875
CO,Road transport: Passenger cars,1A3bi,,,,,3693.61353859431,3342.09584100081,3714.71720263332,4508.82687771107,5418.45466088711,203.399090240892,6121.6582864797,5651.65305230512,3669.95090018008,2825.82682398913,1795.61135431976,1407.43247614827,1200.97091048469,1015.583208267,863.846345633448,738.324550324734,637.486151826021,544.783563347552,475.10921639084,421.654670457737,379.01658950963,356.537803168175,328.319624213326,203.399090240892,188.536682282003,183.908929366992,185.249395687209,182.396282982762
CO,Sewage sludge  applied to soils,3Da2b,0.0,0.0,0.0,0.0,0.0,0.0,0.0,0.0,0.0,0.0,0.0,0.0,0.0,0.0,0.0,0.0,0.0,0.0,0.0,0.0,0.0,0.0,0.0,0.0,0.0,0.0,0.0,0.0,0.0,0.0,0.0,0.0
CO,Soda ash production,2B7,0.0,0.0,0.0,0.0,0.0,0.0,0.0,0.0,0.0,0.0,0.0,0.0,0.0,0.0,0.0,0.0,0.0,0.0,0.0,0.0,0.0,0.0,0.0,0.0,0.0,0.0,0.0,0.0,0.0,0.0,0.0,0.0
CO,Stationary combustion in manufacturing industries and construction: Chemicals,1A2c,9.8914172712,5.670892884,5.0261806936,6.1092334692,5.050774852,4.6638638868,4.29192802015,4.38858078928,4.5458694727,3.8890034033,3.91141094116,4.5128576122072,4.56476273696,2.67095297919,3.96191536834,4.0685395096285,3.68548185489052,1.156252126164,0.69612482498002,4.48952252288739,9.05519816752736,11.242702218,11.853702452,11.5611312,11.51014668,15.20924,15.49672,9.52154,18.0418,18.0442,18.60792,19.553
CO,"Stationary combustion in manufacturing industries and construction: Food processing, beverages and tobacco",1A2e,15.88474505,15.77306185,12.35404311,11.1001498016,8.0351274,8.36492009,10.7515507297,10.71320556732,14.29078060435,14.15583233335,13.69295493338,14.87043885309,13.40297203376,11.83327617619,9.56863372198,10.7197549161235,9.54364481208503,6.1707911308404,2.01825161862348,2.63599538059109,3.33653744741081,16.989270632,17.98139946,11.83020342,11.94681065,15.02064,15.8904,16.63774,16.54108,18.73542,21.03322,23.49244
CO,Stationary combustion in manufacturing industries and construction: Iron and steel,1A2a,80.3434306688,80.6807416632,78.0592641,76.92117178,76.9748815048,82.2353642488,91.57515545448,92.661202106033,83.0263756121655,84.12254684688,89.067976911864,82.592630761922,78.550393599148,85.99546461328,88.030748077199,91.2562349663785,91.6174335890745,102.556993835539,121.223803090203,117.745972471969,148.683869164556,152.769153938,152.39773864,151.81546722,150.6089657,158.6749194,170.51806506,189.29042134,183.63263934,170.31816946,172.77285286,180.262575056667
CO,Stationary combustion in manufacturing industries and construction: Non-ferrous metals,1A2b,2.6616604628,1.83148374,2.14431599,2.10119049,3.4663301428,4.68824663,2.1016149904,2.73997251,2.86233178,3.22345434,5.75622128,5.76485628,6.21370285,3.53402637,3.95163775,3.734486905314,3.85806347205844,8.02876974333713,0.1089088946399,2.25338364485433,1.1343930627222,0.4898535,1.14777002,0.62473718,0.9162133,2.00408,2.00408,2.87798,2.43362,1.6047,1.52098,1.7672
CO,Stationary combustion in manufacturing industries and construction: Non-metallic minerals,1A2f,50.29476149,58.67548383,59.2800709352,60.8428715944,76.785039048,68.7631515544,82.45299670748,74.6252152913315,67.372331667987,87.12194100497,77.3802120462945,71.507821458278,74.0217866971625,82.40846790095,113.654050503034,124.974588125574,126.820091894292,119.596873155128,134.658553974883,142.974778460448,160.714307382243,167.960774479,194.0184684652,189.97638543,206.30819608,226.18144568,260.79737622,248.63452728,227.07245416,182.88285898,219.50996868,222.7600596
CO,Stationary combustion in manufacturing industries and construction: Other (please specify in the IIR),1A2gviii,53.911196612,68.4731084996,57.4869801796,61.0180160744,36.4835174816,51.313264546,122.73481947518,160.683356550745,171.201488233514,114.716960406494,217.280753453621,107.092080552981,194.829912742586,233.036534248781,210.968349674025,178.277465335483,255.222289158685,309.800911599545,82.5788602515627,89.9464752867529,65.23196394906,22.37472131,54.78510362,38.47396863,36.73231091,22.500491,24.10268986,24.01629532,21.6336025,22.8622175,20.96834584,20.45024714
CO,"Stationary combustion in manufacturing industries and construction: Pulp, Paper and Print",1A2d,,,,,,,,,,,,,,,,,,,,,,1.6229553,1.8683618,1.99260924,2.76415876,3.0679,3.05872,2.62398,3.54538,3.44126,4.4199,4.2383
CO,"Storage, handling and transport of chemical products (please specify in the IIR)",2B10b,0.0,0.0,0.0,0.0,0.0,0.0,0.0,0.0,0.0,0.0,0.0,0.0,0.0,0.0,0.0,0.0,0.0,0.0,0.0,0.0,0.0,0.0,0.0,0.0,0.0,0.0,0.0,0.0,0.0,0.0,0.0,0.0
CO,"Storage, handling and transport of metal products (please specify in the IIR)",2C7d,0.0,0.0,0.0,0.0,0.0,0.0,0.0,0.0,0.0,0.0,0.0,0.0,0.0,0.0,0.0,0.0,0.0,0.0,0.0,0.0,0.0,0.0,0.0,0.0,0.0,0.0,0.0,0.0,0.0,0.0,0.0,0.0
CO,"Storage, handling and transport of mineral products",2A5c,0.0,0.0,0.0,0.0,0.0,0.0,0.0,0.0,0.0,0.0,0.0,0.0,0.0,0.0,0.0,0.0,0.0,0.0,0.0,0.0,0.0,0.0,0.0,0.0,0.0,0.0,0.0,0.0,0.0,0.0,0.0,0.0
CO,Titanium dioxide production,2B6,0.0,0.0,0.0,0.0,0.0,0.0,0.0,0.0,0.0,0.0,0.0,0.0,0.0,0.0,0.0,0.0,0.0,0.0,0.0,0.0,0.0,0.0,0.0,0.0,0.0,0.0,0.0,0.0,0.0,0.0,0.0,0.0
CO,Urine and dung deposited by grazing animals,3Da3,0.0,0.0,0.0,0.0,0.0,0.0,0.0,0.0,0.0,0.0,0.0,0.0,0.0,0.0,0.0,0.0,0.0,0.0,0.0,0.0,0.0,0.0,0.0,0.0,0.0,0.0,0.0,0.0,0.0,0.0,0.0,0.0
CO,Use of pesticides,3Df,0.0,0.0,0.0,0.0,0.0,0.0,0.0,0.0,0.0,0.0,0.0,0.0,0.0,0.0,0.0,0.0,0.0,0.0,0.0,0.0,0.0,0.0,0.0,0.0,0.0,0.0,0.0,0.0,0.0,0.0,0.0,0.0
CO,Volcanoes,11A,0.0,0.0,0.0,0.0,0.0,0.0,0.0,0.0,0.0,0.0,0.0,0.0,0.0,0.0,0.0,0.0,0.0,0.0,0.0,0.0,0.0,0.0,0.0,0.0,0.0,0.0,0.0,0.0,0.0,0.0,0.0,0.0
CO,Wood processing,2I,0.0,0.0,0.0,0.0,0.0,0.0,0.0,0.0,0.0,0.0,0.0,0.0,0.0,0.0,0.0,0.0,0.0,0.0,0.0,0.0,0.0,0.0,0.0,0.0,0.0,0.0,0.0,0.0,0.0,0.0,0.0,0.0
CO,Zinc production,2C6,0.0,0.0,0.0,0.0,0.0,0.0,0.0,0.0,0.0,0.0,0.0,0.0,0.0,0.0,0.0,0.0,0.0,0.0,0.0,0.0,0.0,0.0,0.0,0.0,0.0,0.0,0.0,0.0,0.0,0.0,0.0,0.0
Cd,National total for compliance calculations and checks (CLRTAP),COMPLIANCE TOTAL (CLRTAP),0.303449065603496,2.4086300256035,4.3836069256035,6.4649598256035,8.61311988955953,10.5357403671513,12.5801609991635,14.6242866138256,16.592750644025,18.5245280862618,20.6199303635841,22.5933715456543,24.542815819027,26.5114619315272,28.7728010888731,30.6904417259481,32.72346974485,34.5725192489726,36.7721798920618,38.6522700681651,40.6876595907548,42.6781054062455,44.6387387143677,46.6311306853571,48.6708857878922,50.7205988770276,52.7249696918035,54.8368661084458,56.8122732357092,58.7428437604093,60.7521578894941,60.7476103850862
Cd,National total for the entire territory (based on fuel sold),NATIONAL TOTAL,0.303449065603496,2.4086300256035,4.3836069256035,6.4649598256035,8.61311988955953,10.5357403671513,12.5801609991635,14.6242866138256,16.592750644025,18.5245280862618,20.6199303635841,22.5933715456543,24.542815819027,26.5114619315272,28.7728010888731,30.6904417259481,32.72346974485,34.5725192489726,36.7721798920618,38.6522700681651,40.6876595907548,42.6781054062455,44.6387387143677,46.6311306853571,48.6708857878922,50.7205988770276,52.7249696918035,54.8368661084458,56.8122732357092,58.7428437604093,60.7521578894941,60.7476103850862
Cd,Agriculture other (please specify in the IIR),3I,0.0,0.0,0.0,0.0,0.0,0.0,0.0,0.0,0.0,0.0,0.0,0.0,0.0,0.0,0.0,0.0,0.0,0.0,0.0,0.0,0.0,0.0,0.0,0.0,0.0,0.0,0.0,0.0,0.0,0.0,0.0,0.0
Cd,Aluminium production,2C3,0.0,0.0,0.0,0.0,0.0,0.0,0.0,0.0,0.0,0.0,0.0,0.0,0.0,0.0,0.0,0.0,0.0,0.0,0.0,0.0,0.0,0.0,0.0,0.0,0.0,0.0,0.0,0.0,0.0,0.0,0.0,0.0
Cd,Ammonia production,2B1,0.0,0.0,0.0,0.0,0.0,0.0,0.0,0.0,0.0,0.0,0.0,0.0,0.0,0.0,0.0,0.0,0.0,0.0,0.0,0.0,0.0,0.0,0.0,0.0,0.0,0.0,0.0,0.0,0.0,0.0,0.0,0.0
Cd,Animal manure applied to soils,3Da2a,0.0,0.0,0.0,0.0,0.0,0.0,0.0,0.0,0.0,0.0,0.0,0.0,0.0,0.0,0.0,0.0,0.0,0.0,0.0,0.0,0.0,0.0,0.0,0.0,0.0,0.0,0.0,0.0,0.0,0.0,0.0,0.0
Cd,Asphalt roofing,2D3c,0.0,0.0,0.0,0.0,0.0,0.0,0.0,0.0,0.0,0.0,0.0,0.0,0.0,0.0,0.0,0.0,0.0,0.0,0.0,0.0,0.0,0.0,0.0,0.0,0.0,0.0,0.0,0.0,0.0,0.0,0.0,0.0
Cd,Biological treatment of waste - Anaerobic digestion at biogas facilities,5B2,0.0,0.0,0.0,0.0,0.0,0.0,0.0,0.0,0.0,0.0,0.0,0.0,0.0,0.0,0.0,0.0,0.0,0.0,0.0,0.0,0.0,0.0,0.0,0.0,0.0,0.0,0.0,0.0,0.0,0.0,0.0,0.0
Cd,Biological treatment of waste - Solid waste disposal on land,5A,0.0,0.0,0.0,0.0,0.0,0.0,0.0,0.0,0.0,0.0,0.0,0.0,0.0,0.0,0.0,0.0,0.0,0.0,0.0,0.0,0.0,0.0,0.0,0.0,0.0,0.0,0.0,0.0,0.0,0.0,0.0,0.0
Cd,Carbide production,2B5,0.0,0.0,0.0,0.0,0.0,0.0,0.0,0.0,0.0,0.0,0.0,0.0,0.0,0.0,0.0,0.0,0.0,0.0,0.0,0.0,0.0,0.0,0.0,0.0,0.0,0.0,0.0,0.0,0.0,0.0,0.0,0.0
Cd,Chemical industry: Other  (please specify in the IIR),2B10a,0.0,0.0,0.0,0.0,0.0,0.0,0.0,0.0,0.0,0.0,0.0,0.0,0.0,0.0,0.0,0.0,0.0,0.0,0.0,0.0,0.0,0.0,0.0,0.0,0.0,0.0,0.0,0.0,0.0,0.0,0.0,0.0
Cd,Chemical products,2D3g,0.0,0.0,0.0,0.0,0.0,0.0,0.0,0.0,0.0,0.0,0.0,0.0,0.0,0.0,0.0,0.0,0.0,0.0,0.0,0.0,0.0,0.0,0.0,0.0,0.0,0.0,0.0,0.0,0.0,0.0,0.0,0.0
Cd,Clinical waste incineration,5C1biii,0.0606620656034957,1.0606620656035,2.0606620656035,3.0606620656035,4.0606620656035,5.0606620656035,6.0606620656035,7.0606620656035,8.06066206560349,9.06066206560349,10.0606620656035,11.0606620656035,12.0606620656035,13.0606620656035,14.0606620656035,15.0606620656035,16.0606620656035,17.0606620656035,18.0606620656035,19.0606620656035,20.0606620656035,21.0606620656035,22.0606620656035,23.0606620656035,24.0606620656035,25.0606620656035,26.0606620656035,27.0606620656035,28.0606620656035,29.0606620656035,30.0606620656035,30.0606620656035
Cd,Coating applications,2D3d,0.0,0.0,0.0,0.0,0.0,0.0,0.0,0.0,0.0,0.0,0.0,0.0,0.0,0.0,0.0,0.0,0.0,0.0,0.0,0.0,0.0,0.0,0.0,0.0,0.0,0.0,0.0,0.0,0.0,0.0,0.0,0.0
Cd,Construction and demolition,2A5b,0.0,0.0,0.0,0.0,0.0,0.0,0.0,0.0,0.0,0.0,0.0,0.0,0.0,0.0,0.0,0.0,0.0,0.0,0.0,0.0,0.0,0.0,0.0,0.0,0.0,0.0,0.0,0.0,0.0,0.0,0.0,0.0
Cd,Consumption of POPs and heavy metals (e.g. electrical and scientific equipment),2K,0.0,0.0,0.0,0.0,0.0,0.0,0.0,0.0,0.0,0.0,0.0,0.0,0.0,0.0,0.0,0.0,0.0,0.0,0.0,0.0,0.0,0.0,0.0,0.0,0.0,0.0,0.0,0.0,0.0,0.0,0.0,0.0
Cd,Copper production,2C7a,0.20724,0.31218,0.286968,0.36795,0.2717,0.2167,0.2541,0.2893,0.2519,0.2519,0.284746,0.26125,0.21307,0.1584,0.3817,0.3047,0.2893,0.1969,0.418,0.331122395375141,0.383392786225965,0.3916,0.3905,0.3938,0.4466,0.4994,0.5082,0.561,0.561,0.561,0.561,0.561
Cd,Crop residues applied to soils,3Da4,0.0,0.0,0.0,0.0,0.0,0.0,0.0,0.0,0.0,0.0,0.0,0.0,0.0,0.0,0.0,0.0,0.0,0.0,0.0,0.0,0.0,0.0,0.0,0.0,0.0,0.0,0.0,0.0,0.0,0.0,0.0,0.0
Cd,Cultivated crops,3De,0.0,0.0,0.0,0.0,0.0,0.0,0.0,0.0,0.0,0.0,0.0,0.0,0.0,0.0,0.0,0.0,0.0,0.0,0.0,0.0,0.0,0.0,0.0,0.0,0.0,0.0,0.0,0.0,0.0,0.0,0.0,0.0
Cd,Degreasing,2D3e,0.0,0.0,0.0,0.0,0.0,0.0,0.0,0.0,0.0,0.0,0.0,0.0,0.0,0.0,0.0,0.0,0.0,0.0,0.0,0.0,0.0,0.0,0.0,0.0,0.0,0.0,0.0,0.0,0.0,0.0,0.0,0.0
Cd,Domestic solvent use including fungicides,2D3a,0.0,0.0,0.0,0.0,0.0,0.0,0.0,0.0,0.0,0.0,0.0,0.0,0.0,0.0,0.0,0.0,0.0,0.0,0.0,0.0,0.0,0.0,0.0,0.0,0.0,0.0,0.0,0.0,0.0,0.0,0.0,0.0
Cd,Domestic wastewater handling,5D1,0.0,0.0,0.0,0.0,0.0,0.0,0.0,0.0,0.0,0.0,0.0,0.0,0.0,0.0,0.0,0.0,0.0,0.0,0.0,0.0,0.0,0.0,0.0,0.0,0.0,0.0,0.0,0.0,0.0,0.0,0.0,0.0
Cd,Dry cleaning,2D3f,0.0,0.0,0.0,0.0,0.0,0.0,0.0,0.0,0.0,0.0,0.0,0.0,0.0,0.0,0.0,0.0,0.0,0.0,0.0,0.0,0.0,0.0,0.0,0.0,0.0,0.0,0.0,0.0,0.0,0.0,0.0,0.0
Cd,"Farm-level agricultural operations including storage, handling and transport of agricultural products",3Dc,0.0,0.0,0.0,0.0,0.0,0.0,0.0,0.0,0.0,0.0,0.0,0.0,0.0,0.0,0.0,0.0,0.0,0.0,0.0,0.0,0.0,0.0,0.0,0.0,0.0,0.0,0.0,0.0,0.0,0.0,0.0,0.0
Cd,Food and beverages industry,2H2,0.0,0.0,0.0,0.0,0.0,0.0,0.0,0.0,0.0,0.0,0.0,0.0,0.0,0.0,0.0,0.0,0.0,0.0,0.0,0.0,0.0,0.0,0.0,0.0,0.0,0.0,0.0,0.0,0.0,0.0,0.0,0.0
Cd,Indirect emissions from managed soils,3Db,0.0,0.0,0.0,0.0,0.0,0.0,0.0,0.0,0.0,0.0,0.0,0.0,0.0,0.0,0.0,0.0,0.0,0.0,0.0,0.0,0.0,0.0,0.0,0.0,0.0,0.0,0.0,0.0,0.0,0.0,0.0,0.0
Cd,Industrial wastewater handling,5D2,0.0,0.0,0.0,0.0,0.0,0.0,0.0,0.0,0.0,0.0,0.0,0.0,0.0,0.0,0.0,0.0,0.0,0.0,0.0,0.0,0.0,0.0,0.0,0.0,0.0,0.0,0.0,0.0,0.0,0.0,0.0,0.0
Cd,Inorganic N-fertilizers (includes also urea application),3Da1,0.0,0.0,0.0,0.0,0.0,0.0,0.0,0.0,0.0,0.0,0.0,0.0,0.0,0.0,0.0,0.0,0.0,0.0,0.0,0.0,0.0,0.0,0.0,0.0,0.0,0.0,0.0,0.0,0.0,0.0,0.0,0.0
Cd,Lead production,2C5,0.0009,0.00085,0.00051,0.0005,0.00051,0.0004,0.0011736,0.0009,0.00088,0.0009,0.0009,0.0009,0.0009,0.0009,0.0006,0.0006,0.0006,0.0006,0.0006,0.0005869164103997,0.0008408722393066,0.0008721554375174,0.0007958344981828,0.001,0.001,0.001,0.001,0.001,0.001,0.001,0.00072,0.00072
Cd,Magnesium production,2C4,0.0,0.0,0.0,0.0,0.0,0.0,0.0,0.0,0.0,0.0,0.0,0.0,0.0,0.0,0.0,0.0,0.0,0.0,0.0,0.0,0.0,0.0,0.0,0.0,0.0,0.0,0.0,0.0,0.0,0.0,0.0,0.0
Cd,Manure management -  Other poultry,3B4giv,0.0,0.0,0.0,0.0,0.0,0.0,0.0,0.0,0.0,0.0,0.0,0.0,0.0,0.0,0.0,0.0,0.0,0.0,0.0,0.0,0.0,0.0,0.0,0.0,0.0,0.0,0.0,0.0,0.0,0.0,0.0,0.0
Cd,Manure management - Buffalo,3B4a,0.0,0.0,0.0,0.0,0.0,0.0,0.0,0.0,0.0,0.0,0.0,0.0,0.0,0.0,0.0,0.0,0.0,0.0,0.0,0.0,0.0,0.0,0.0,0.0,0.0,0.0,0.0,0.0,0.0,0.0,0.0,0.0
Cd,Manure management - Dairy cattle,3B1a,0.0,0.0,0.0,0.0,0.0,0.0,0.0,0.0,0.0,0.0,0.0,0.0,0.0,0.0,0.0,0.0,0.0,0.0,0.0,0.0,0.0,0.0,0.0,0.0,0.0,0.0,0.0,0.0,0.0,0.0,0.0,0.0
Cd,Manure management - Goats,3B4d,0.0,0.0,0.0,0.0,0.0,0.0,0.0,0.0,0.0,0.0,0.0,0.0,0.0,0.0,0.0,0.0,0.0,0.0,0.0,0.0,0.0,0.0,0.0,0.0,0.0,0.0,0.0,0.0,0.0,0.0,0.0,0.0
Cd,Manure management - Horses,3B4e,0.0,0.0,0.0,0.0,0.0,0.0,0.0,0.0,0.0,0.0,0.0,0.0,0.0,0.0,0.0,0.0,0.0,0.0,0.0,0.0,0.0,0.0,0.0,0.0,0.0,0.0,0.0,0.0,0.0,0.0,0.0,0.0
Cd,Manure management - Mules and asses,3B4f,0.0,0.0,0.0,0.0,0.0,0.0,0.0,0.0,0.0,0.0,0.0,0.0,0.0,0.0,0.0,0.0,0.0,0.0,0.0,0.0,0.0,0.0,0.0,0.0,0.0,0.0,0.0,0.0,0.0,0.0,0.0,0.0
Cd,Manure management - Non-dairy cattle,3B1b,0.0,0.0,0.0,0.0,0.0,0.0,0.0,0.0,0.0,0.0,0.0,0.0,0.0,0.0,0.0,0.0,0.0,0.0,0.0,0.0,0.0,0.0,0.0,0.0,0.0,0.0,0.0,0.0,0.0,0.0,0.0,0.0
Cd,Manure management - Other animals (please specify in IIR),3B4h,0.0,0.0,0.0,0.0,0.0,0.0,0.0,0.0,0.0,0.0,0.0,0.0,0.0,0.0,0.0,0.0,0.0,0.0,0.0,0.0,0.0,0.0,0.0,0.0,0.0,0.0,0.0,0.0,0.0,0.0,0.0,0.0
Cd,Manure management - Sheep,3B2,0.0,0.0,0.0,0.0,0.0,0.0,0.0,0.0,0.0,0.0,0.0,0.0,0.0,0.0,0.0,0.0,0.0,0.0,0.0,0.0,0.0,0.0,0.0,0.0,0.0,0.0,0.0,0.0,0.0,0.0,0.0,0.0
Cd,Manure management - Swine,3B3,0.0,0.0,0.0,0.0,0.0,0.0,0.0,0.0,0.0,0.0,0.0,0.0,0.0,0.0,0.0,0.0,0.0,0.0,0.0,0.0,0.0,0.0,0.0,0.0,0.0,0.0,0.0,0.0,0.0,0.0,0.0,0.0
Cd,Manure mangement -  Broilers,3B4gii,0.0,0.0,0.0,0.0,0.0,0.0,0.0,0.0,0.0,0.0,0.0,0.0,0.0,0.0,0.0,0.0,0.0,0.0,0.0,0.0,0.0,0.0,0.0,0.0,0.0,0.0,0.0,0.0,0.0,0.0,0.0,0.0
Cd,Manure mangement -  Laying hens,3B4gi,0.0,0.0,0.0,0.0,0.0,0.0,0.0,0.0,0.0,0.0,0.0,0.0,0.0,0.0,0.0,0.0,0.0,0.0,0.0,0.0,0.0,0.0,0.0,0.0,0.0,0.0,0.0,0.0,0.0,0.0,0.0,0.0
Cd,Manure mangement -  Turkeys,3B4giii,0.0,0.0,0.0,0.0,0.0,0.0,0.0,0.0,0.0,0.0,0.0,0.0,0.0,0.0,0.0,0.0,0.0,0.0,0.0,0.0,0.0,0.0,0.0,0.0,0.0,0.0,0.0,0.0,0.0,0.0,0.0,0.0
Cd,National navigation (shipping),1A3dii,0.00318752,0.0034,0.004,0.00415954,0.00390118,0.00455284,0.0043826,0.0043738,0.004546,0.00412,0.0039,0.005,0.005136,0.005566,0.007666,0.00811,0.009132,0.009966645744,0.0096189619332576,0.0101539447021052,0.0104607884210526,0.01388,0.0002,0.00768,0.00834,0.00366,0.00092,0.0076,0.00766,0.00766,0.00796,0.00714
Cd,Nickel production,2C7b,0.0,0.0,0.0,0.0,0.0,0.0,0.0,0.0,0.0,0.0,0.0,0.0,0.0,0.0,0.0,0.0,0.0,0.0,0.0,0.0,0.0,0.0,0.0,0.0,0.0,0.0,0.0,0.0,0.0,0.0,0.0,0.0
Cd,Nitric acid production,2B2,0.0,0.0,0.0,0.0,0.0,0.0,0.0,0.0,0.0,0.0,0.0,0.0,0.0,0.0,0.0,0.0,0.0,0.0,0.0,0.0,0.0,0.0,0.0,0.0,0.0,0.0,0.0,0.0,0.0,0.0,0.0,0.0
Cd,"Off-farm storage, handling and transport of bulk agricultural products",3Dd,0.0,0.0,0.0,0.0,0.0,0.0,0.0,0.0,0.0,0.0,0.0,0.0,0.0,0.0,0.0,0.0,0.0,0.0,0.0,0.0,0.0,0.0,0.0,0.0,0.0,0.0,0.0,0.0,0.0,0.0,0.0,0.0
Cd,Open burning of waste,5C2,0.0294,1.0294,2.0294,3.0294,4.0294,5.0294,6.0294,7.0294,8.0294,9.0294,10.0294,11.0294,12.0294,13.0294,14.0294,15.0294,16.0294,17.0294,18.0294,19.0294,20.0294,21.0294,22.0294,23.0294,24.0294,25.0294,26.0294,27.0294,28.0294,29.0294,30.0294,30.0294
Cd,Other metal production (please specify in the IIR),2C7c,0.0,0.0,0.0,0.0,0.0,0.0,0.0,0.0,0.0,0.0,0.0,0.0,0.0,0.0,0.0,0.0,0.0,0.0,0.0,0.0,0.0,0.0,0.0,0.0,0.0,0.0,0.0,0.0,0.0,0.0,0.0,0.0
Cd,Other mineral products (please specify in the IIR),2A6,0.0,0.0,0.0,0.0,0.0,0.0,0.0,0.0,0.0,0.0,0.0,0.0,0.0,0.0,0.0,0.0,0.0,0.0,0.0,0.0,0.0,0.0,0.0,0.0,0.0,0.0,0.0,0.0,0.0,0.0,0.0,0.0
Cd,Other organic fertilisers applied to soils (including compost),3Da2c,0.0,0.0,0.0,0.0,0.0,0.0,0.0,0.0,0.0,0.0,0.0,0.0,0.0,0.0,0.0,0.0,0.0,0.0,0.0,0.0,0.0,0.0,0.0,0.0,0.0,0.0,0.0,0.0,0.0,0.0,0.0,0.0
Cd,Other product use (please specify in the IIR),2G,0.0,0.0,0.0,0.0,0.0,0.0,0.0,0.0,0.0,0.0,0.0,0.0,0.0,0.0,0.0,0.0,0.0,0.0,0.0,0.0,0.0,0.0,0.0,0.0,0.0,0.0,0.0,0.0,0.0,0.0,0.0,0.0
Cd,"Other production, consumption, storage, transportation or handling of bulk products (please specify in the IIR)",2L,0.0,0.0,0.0,0.0,0.0,0.0,0.0,0.0,0.0,0.0,0.0,0.0,0.0,0.0,0.0,0.0,0.0,0.0,0.0,0.0,0.0,0.0,0.0,0.0,0.0,0.0,0.0,0.0,0.0,0.0,0.0,0.0
Cd,Other solvent use (please specify in the IIR),2D3i,0.0,0.0,0.0,0.0,0.0,0.0,0.0,0.0,0.0,0.0,0.0,0.0,0.0,0.0,0.0,0.0,0.0,0.0,0.0,0.0,0.0,0.0,0.0,0.0,0.0,0.0,0.0,0.0,0.0,0.0,0.0,0.0
Cd,Other waste (please specify in IIR),5E,0.0,0.0,0.0,0.0,0.0,0.0,0.0,0.0,0.0,0.0,0.0,0.0,0.0,0.0,0.0,0.0,0.0,0.0,0.0,0.0,0.0,0.0,0.0,0.0,0.0,0.0,0.0,0.0,0.0,0.0,0.0,0.0
Cd,Other waste incineration (please specify in the IIR),5C1bvi,0.0,0.0,0.0,0.0,0.0,0.0,0.0,0.0,0.0,0.0,0.0,0.0,0.0,0.0,0.0,0.0,0.0,0.0,0.0,0.0,0.0,0.0,0.0,0.0,0.0,0.0,0.0,0.0,0.0,0.0,0.0,0.0
Cd,Other wastewater handling,5D3,0.0,0.0,0.0,0.0,0.0,0.0,0.0,0.0,0.0,0.0,0.0,0.0,0.0,0.0,0.0,0.0,0.0,0.0,0.0,0.0,0.0,0.0,0.0,0.0,0.0,0.0,0.0,0.0,0.0,0.0,0.0,0.0
Cd,Pipeline transport,1A3ei,,,,,,,,,,,,,,,,,4.265558748e-06,5.896878571782e-06,5.93457665724e-06,5.830666977168e-06,7.555212440424e-06,5.9156658e-06,1.0507068e-05,8.85951e-06,1.1688336e-05,1.0475982e-05,9.79209e-06,1.3802184e-05,1.0507068e-05,9.729918e-06,5.502222e-06,7.243038e-06
Cd,Printing,2D3h,0.0,0.0,0.0,0.0,0.0,0.0,0.0,0.0,0.0,0.0,0.0,0.0,0.0,0.0,0.0,0.0,0.0,0.0,0.0,0.0,0.0,0.0,0.0,0.0,0.0,0.0,0.0,0.0,0.0,0.0,0.0,0.0
Cd,Production of POPs,2J,0.0,0.0,0.0,0.0,0.0,0.0,0.0,0.0,0.0,0.0,0.0,0.0,0.0,0.0,0.0,0.0,0.0,0.0,0.0,0.0,0.0,0.0,0.0,0.0,0.0,0.0,0.0,0.0,0.0,0.0,0.0,0.0
Cd,Pulp and paper industry,2H1,0.0,0.0,0.0,0.0,0.0,0.0,0.0,0.0,0.0,0.0,0.0,0.0,0.0,0.0,0.0,0.0,0.0,0.0,0.0,0.0,0.0,0.0,0.0,0.0,0.0,0.0,0.0,0.0,0.0,0.0,0.0,0.0
Cd,Quarrying and mining of minerals other than coal,2A5a,0.0,0.0,0.0,0.0,0.0,0.0,0.0,0.0,0.0,0.0,0.0,0.0,0.0,0.0,0.0,0.0,0.0,0.0,0.0,0.0,0.0,0.0,0.0,0.0,0.0,0.0,0.0,0.0,0.0,0.0,0.0,0.0
Cd,Railways,1A3c,0.00187062,0.00195,0.00186,0.00205784,0.00213409,0.0021555,0.002206,0.00223,0.00205,0.002,0.002,0.00165,0.00172,0.00177,0.00177,0.00213,0.00214,0.0013209510030327,0.0014031047154053,0.0013614994884785,0.00145281075,0.001497,0.00138,0.00142,0.00157,0.00135,0.00105,0.00118,0.00124,0.00114,0.00092,0.00102
Cd,Road paving with asphalt,2D3b,0.0,0.0,0.0,0.0,0.0,0.0,0.0,0.0,0.0,0.0,0.0,0.0,0.0,0.0,0.0,0.0,0.0,0.0,0.0,0.0,0.0,0.0,0.0,0.0,0.0,0.0,0.0,0.0,0.0,0.0,0.0,0.0
Cd,Road transport: Automobile tyre and brake wear,1A3bvi,,,,,0.0359427757892853,0.032589165416096,0.0384332535599598,0.0476002482220954,0.0534986984214883,0.0318012096707508,0.0485047979805745,0.0446788600508144,0.0334996351397283,0.0309469059236877,0.0671424632695667,0.060969360344559,0.0581541806191063,0.0496976097434504,0.0438628729602649,0.0382482242469458,0.03472879409875,0.0310592031532729,0.0268306229707585,0.0235928146622707,0.0211883789968222,0.021347301013645,0.0212391554842279,0.0318012096707508,0.0272726625245368,0.0142425441254669,0.0160107590069676,0.0152928580965311
Cd,Road transport: Heavy duty vehicles and buses,1A3biii,,,,,0.100562226702501,0.0919444850222369,0.144397645849778,0.142249680509967,0.140426533230664,0.105895041144884,0.137534960542319,0.137519179817242,0.0776403332439218,0.132093982771706,0.141965953341752,0.137078761625175,0.152681896351675,0.130145721024823,0.10877134258315,0.0814898113820602,0.0691217702400177,0.0612918535180633,0.0556601019653499,0.0475450512266426,0.0426863044521647,0.0396733490195289,0.0419364528389234,0.105895041144884,0.0897825796095629,0.0269074337241838,0.0273453386266301,0.0260590550925509
Cd,Road transport: Light duty vehicles,1A3bii,,,,,0.0209299039153381,0.0181946371109068,0.0223454123307869,0.0248971336559262,0.0266185646135967,0.0101829865966043,0.0291565891046368,0.0292646342947999,0.0277886261256393,0.0358919832543516,0.0212138408054773,0.0252681325339941,0.0468593186661424,0.0288403344928501,0.0381610706780158,0.0338268104206387,0.0308563093112191,0.0276029460800787,0.0218499773962925,0.0201815784316387,0.017743123399037,0.0180466010856107,0.0168727910936974,0.0101829865966043,0.0092243025036607,0.0121628235080937,0.0175340056258981,0.0167836062951933
Cd,Road transport: Mopeds & motorcycles,1A3biv,,,,,0.0029183637603931,0.0026851295237764,0.0007648991182401,0.0007504207354335,0.0007057116876785,0.0019127112609103,0.0005139716444559,0.0004393992791096,0.0021405725084781,0.0005625894707683,0.0005751083148416,0.0006981742017391,0.0027800765945183,0.0010245174176312,0.00264761775266,0.0025234830321269,0.0023816076050188,0.002318497032781,0.0022573093234244,0.0021477694140789,0.0020856891567113,0.0020344285008944,0.0019540120917654,0.0019127112609103,0.001873120874231,0.0017841882693586,0.0018676879134679,0.0018971798085937
Cd,Road transport: Passenger cars,1A3bi,,,,,0.0842068037885162,0.076192884474778,0.0220230427011946,0.0216337650986727,0.0217801904680611,0.0254678119851646,0.0223254787085885,0.0223077866088488,0.0905292464057567,0.0549024445031737,0.0596960975379288,0.0604059316390922,0.0712896414563285,0.0634404270646958,0.0585108012589028,0.0623830068366898,0.0637713710475569,0.0572337097544778,0.0484745955421552,0.0429994665089334,0.0389178379479916,0.0433843158223852,0.041062162601382,0.0254678119851646,0.0224017575256807,0.0262001152607136,0.0280325304956879,0.0268203771518405
Cd,Sewage sludge  applied to soils,3Da2b,0.0,0.0,0.0,0.0,0.0,0.0,0.0,0.0,0.0,0.0,0.0,0.0,0.0,0.0,0.0,0.0,0.0,0.0,0.0,0.0,0.0,0.0,0.0,0.0,0.0,0.0,0.0,0.0,0.0,0.0,0.0,0.0
Cd,Soda ash production,2B7,0.0,0.0,0.0,0.0,0.0,0.0,0.0,0.0,0.0,0.0,0.0,0.0,0.0,0.0,0.0,0.0,0.0,0.0,0.0,0.0,0.0,0.0,0.0,0.0,0.0,0.0,0.0,0.0,0.0,0.0,0.0,0.0
Cd,"Storage, handling and transport of chemical products (please specify in the IIR)",2B10b,0.0,0.0,0.0,0.0,0.0,0.0,0.0,0.0,0.0,0.0,0.0,0.0,0.0,0.0,0.0,0.0,0.0,0.0,0.0,0.0,0.0,0.0,0.0,0.0,0.0,0.0,0.0,0.0,0.0,0.0,0.0,0.0
Cd,"Storage, handling and transport of metal products (please specify in the IIR)",2C7d,0.0,0.0,0.0,0.0,0.0,0.0,0.0,0.0,0.0,0.0,0.0,0.0,0.0,0.0,0.0,0.0,0.0,0.0,0.0,0.0,0.0,0.0,0.0,0.0,0.0,0.0,0.0,0.0,0.0,0.0,0.0,0.0
Cd,"Storage, handling and transport of mineral products",2A5c,0.0,0.0,0.0,0.0,0.0,0.0,0.0,0.0,0.0,0.0,0.0,0.0,0.0,0.0,0.0,0.0,0.0,0.0,0.0,0.0,0.0,0.0,0.0,0.0,0.0,0.0,0.0,0.0,0.0,0.0,0.0,0.0
Cd,Titanium dioxide production,2B6,0.0,0.0,0.0,0.0,0.0,0.0,0.0,0.0,0.0,0.0,0.0,0.0,0.0,0.0,0.0,0.0,0.0,0.0,0.0,0.0,0.0,0.0,0.0,0.0,0.0,0.0,0.0,0.0,0.0,0.0,0.0,0.0
Cd,Urine and dung deposited by grazing animals,3Da3,0.0,0.0,0.0,0.0,0.0,0.0,0.0,0.0,0.0,0.0,0.0,0.0,0.0,0.0,0.0,0.0,0.0,0.0,0.0,0.0,0.0,0.0,0.0,0.0,0.0,0.0,0.0,0.0,0.0,0.0,0.0,0.0
Cd,Use of pesticides,3Df,0.0,0.0,0.0,0.0,0.0,0.0,0.0,0.0,0.0,0.0,0.0,0.0,0.0,0.0,0.0,0.0,0.0,0.0,0.0,0.0,0.0,0.0,0.0,0.0,0.0,0.0,0.0,0.0,0.0,0.0,0.0,0.0
Cd,Volcanoes,11A,0.0,0.0,0.0,0.0,0.0,0.0,0.0,0.0,0.0,0.0,0.0,0.0,0.0,0.0,0.0,0.0,0.0,0.0,0.0,0.0,0.0,0.0,0.0,0.0,0.0,0.0,0.0,0.0,0.0,0.0,0.0,0.0
Cd,Wood processing,2I,0.0,0.0,0.0,0.0,0.0,0.0,0.0,0.0,0.0,0.0,0.0,0.0,0.0,0.0,0.0,0.0,0.0,0.0,0.0,0.0,0.0,0.0,0.0,0.0,0.0,0.0,0.0,0.0,0.0,0.0,0.0,0.0
Cd,Zinc production,2C6,0.0,0.0,0.0,0.0,0.0,0.0,0.0,0.0,0.0,0.0,0.0,0.0,0.0,0.0,0.0,0.0,0.0,0.0,0.0,0.0,0.0,0.0,0.0,0.0,0.0,0.0,0.0,0.0,0.0,0.0,0.0,0.0
Cd,Adipic acid production,2B3,0.0,0.0,0.0,0.0,0.0,0.0,0.0,0.0,0.0,0.0,0.0,0.0,0.0,0.0,0.0,0.0,0.0,0.0,0.0,0.0,0.0,0.0,0.0,0.0,0.0,0.0,0.0,0.0,0.0,0.0,0.0,0.0
Cd,Cement production,2A1,0.0,0.0,0.0,0.0,0.0,0.0,0.0,0.0,0.0,0.0,0.0,0.0,0.0,0.0,0.0,0.0,0.0,0.0,0.0,0.0,0.0,0.0,0.0,0.0,0.0,0.0,0.0,0.0,0.0,0.0,0.0,0.0
Cd,Ferroalloys production,2C2,0.0,0.0,0.0,0.0,0.0,0.0,0.0,0.0,0.0,0.0,0.0,0.0,0.0,0.0,0.0,0.0,0.0,0.0,0.0,0.0,0.0,0.0,0.0,0.0,0.0,0.0,0.0,0.0,0.0,0.0,0.0,0.0
Cd,Glass production,2A3,0.0,0.0,0.0,0.0,0.0,0.0,0.0,0.0,0.0,0.0,0.0,0.0,0.0,0.0,0.0,0.0,0.0,0.0,0.0,0.0,0.0,0.0,0.0,0.0,0.0,0.0,0.0,0.0,0.0,0.0,0.0,0.0
Cd,Iron and steel production,2C1,0.00018886,0.00018796,0.00020686,0.00023038,0.00025248,0.00026366,0.00027248,0.0002895,0.00028288,0.00028626,0.0002865,0.00029962,0.00032934,0.00036596,0.00040956,0.0004193,0.0004663,0.00051508,0.00053612,0.00050608,0.00058286,0.00068206,0.0007177,0.00069308,0.0006807,0.00063034,0.00066326,0.00075048,0.00074624,0.00067486,0.0007,0.000808
Cd,Lime production,2A2,0.0,0.0,0.0,0.0,0.0,0.0,0.0,0.0,0.0,0.0,0.0,0.0,0.0,0.0,0.0,0.0,0.0,0.0,0.0,0.0,0.0,0.0,0.0,0.0,0.0,0.0,0.0,0.0,0.0,0.0,0.0,0.0
benzo(a),National total for compliance calculations and checks (CLRTAP),COMPLIANCE TOTAL (CLRTAP),0.0,0.0,0.0,0.0,0.0,0.0,0.0,0.0,0.0,0.0,0.0,0.0,0.0,0.0,0.0,0.0,0.0,0.0,0.0,0.0,0.0,0.0,0.0,0.0,0.0,0.0,0.0,0.0,0.0,0.0,0.0,0.0
benzo(a),National total for the entire territory (based on fuel sold),NATIONAL TOTAL,0.0,0.0,0.0,0.0,0.0,0.0,0.0,0.0,0.0,0.0,0.0,0.0,0.0,0.0,0.0,0.0,0.0,0.0,0.0,0.0,0.0,0.0,0.0,0.0,0.0,0.0,0.0,0.0,0.0,0.0,0.0,0.0
benzo(b),National total for compliance calculations and checks (CLRTAP),COMPLIANCE TOTAL (CLRTAP),0.0,0.0,0.0,0.0,0.0,0.0,0.0,0.0,0.0,0.0,0.0,0.0,0.0,0.0,0.0,0.0,0.0,0.0,0.0,0.0,0.0,0.0,0.0,0.0,0.0,0.0,0.0,0.0,0.0,0.0,0.0,0.0
benzo(b),National total for the entire territory (based on fuel sold),NATIONAL TOTAL,0.0,0.0,0.0,0.0,0.0,0.0,0.0,0.0,0.0,0.0,0.0,0.0,0.0,0.0,0.0,0.0,0.0,0.0,0.0,0.0,0.0,0.0,0.0,0.0,0.0,0.0,0.0,0.0,0.0,0.0,0.0,0.0
benzo(k),National total for compliance calculations and checks (CLRTAP),COMPLIANCE TOTAL (CLRTAP),0.0,0.0,0.0,0.0,0.0,0.0,0.0,0.0,0.0,0.0,0.0,0.0,0.0,0.0,0.0,0.0,0.0,0.0,0.0,0.0,0.0,0.0,0.0,0.0,0.0,0.0,0.0,0.0,0.0,0.0,0.0,0.0
benzo(k),National total for the entire territory (based on fuel sold),NATIONAL TOTAL,0.0,0.0,0.0,0.0,0.0,0.0,0.0,0.0,0.0,0.0,0.0,0.0,0.0,0.0,0.0,0.0,0.0,0.0,0.0,0.0,0.0,0.0,0.0,0.0,0.0,0.0,0.0,0.0,0.0,0.0,0.0,0.0
